{
  "config": {
    "N": 20,
    "population_size": 50,
    "max_generations": 50,
    "n_shots": 200,
    "trotter_steps": 5,
    "total_time": 2.0,
    "p_combine": 0.9,
    "seed": 42,
    "timestamp": "20260201_085053",
    "gpu_available": true
  },
  "results": [
    {
      "method_name": "Random Search",
      "best_energy": 54,
      "best_merit": 3.7037037037037037,
      "best_sequence": "11000110010010111111",
      "total_time_s": 0.01810622215270996,
      "samples_or_generations": 200,
      "throughput": 11045.926550175789,
      "population_mean_energy": 181.78,
      "population_min_energy": 54,
      "population_max_energy": 1030,
      "initial_population_energies": [
        170,
        130,
        98,
        74,
        254,
        182,
        106,
        134,
        186,
        110,
        114,
        126,
        194,
        194,
        102,
        142,
        214,
        178,
        122,
        230,
        154,
        150,
        90,
        1030,
        266,
        290,
        198,
        294,
        74,
        94,
        170,
        222,
        114,
        110,
        126,
        118,
        98,
        158,
        170,
        54,
        126,
        242,
        102,
        234,
        122,
        214,
        74,
        222,
        102,
        430,
        254,
        210,
        206,
        186,
        86,
        126,
        190,
        194,
        266,
        114,
        178,
        390,
        70,
        82,
        306,
        134,
        130,
        202,
        150,
        170,
        206,
        114,
        186,
        106,
        234,
        210,
        138,
        206,
        110,
        122,
        530,
        146,
        234,
        166,
        202,
        250,
        134,
        222,
        94,
        126,
        142,
        110,
        230,
        190,
        198,
        202,
        158,
        146,
        106,
        158,
        218,
        154,
        150,
        162,
        234,
        178,
        166,
        106,
        158,
        250,
        134,
        182,
        178,
        114,
        162,
        210,
        162,
        126,
        126,
        202,
        234,
        278,
        142,
        126,
        158,
        190,
        94,
        134,
        102,
        210,
        222,
        266,
        130,
        210,
        250,
        134,
        126,
        542,
        386,
        114,
        214,
        294,
        106,
        194,
        234,
        90,
        178,
        242,
        222,
        206,
        98,
        162,
        190,
        130,
        262,
        154,
        234,
        258,
        174,
        230,
        122,
        130,
        434,
        174,
        194,
        110,
        166,
        138,
        230,
        130,
        186,
        214,
        142,
        162,
        126,
        214,
        190,
        166,
        90,
        142,
        318,
        182,
        90,
        86,
        170,
        90,
        582,
        206,
        110,
        118,
        250,
        126,
        126,
        186,
        178,
        178,
        206,
        102,
        218,
        154
      ],
      "final_population_energies": [
        170,
        130,
        98,
        74,
        254,
        182,
        106,
        134,
        186,
        110,
        114,
        126,
        194,
        194,
        102,
        142,
        214,
        178,
        122,
        230,
        154,
        150,
        90,
        1030,
        266,
        290,
        198,
        294,
        74,
        94,
        170,
        222,
        114,
        110,
        126,
        118,
        98,
        158,
        170,
        54,
        126,
        242,
        102,
        234,
        122,
        214,
        74,
        222,
        102,
        430,
        254,
        210,
        206,
        186,
        86,
        126,
        190,
        194,
        266,
        114,
        178,
        390,
        70,
        82,
        306,
        134,
        130,
        202,
        150,
        170,
        206,
        114,
        186,
        106,
        234,
        210,
        138,
        206,
        110,
        122,
        530,
        146,
        234,
        166,
        202,
        250,
        134,
        222,
        94,
        126,
        142,
        110,
        230,
        190,
        198,
        202,
        158,
        146,
        106,
        158,
        218,
        154,
        150,
        162,
        234,
        178,
        166,
        106,
        158,
        250,
        134,
        182,
        178,
        114,
        162,
        210,
        162,
        126,
        126,
        202,
        234,
        278,
        142,
        126,
        158,
        190,
        94,
        134,
        102,
        210,
        222,
        266,
        130,
        210,
        250,
        134,
        126,
        542,
        386,
        114,
        214,
        294,
        106,
        194,
        234,
        90,
        178,
        242,
        222,
        206,
        98,
        162,
        190,
        130,
        262,
        154,
        234,
        258,
        174,
        230,
        122,
        130,
        434,
        174,
        194,
        110,
        166,
        138,
        230,
        130,
        186,
        214,
        142,
        162,
        126,
        214,
        190,
        166,
        90,
        142,
        318,
        182,
        90,
        86,
        170,
        90,
        582,
        206,
        110,
        118,
        250,
        126,
        126,
        186,
        178,
        178,
        206,
        102,
        218,
        154
      ],
      "additional_metrics": null
    },
    {
      "method_name": "Classical MTS",
      "best_energy": 26,
      "best_merit": 7.6923076923076925,
      "best_sequence": "01100011010001011111",
      "total_time_s": 0.16512227058410645,
      "samples_or_generations": 50,
      "throughput": 302.80591360044355,
      "population_mean_energy": 78.0,
      "population_min_energy": 26,
      "population_max_energy": 294,
      "initial_population_energies": [
        170,
        130,
        98,
        74,
        254,
        182,
        106,
        134,
        186,
        110,
        114,
        126,
        194,
        194,
        102,
        142,
        214,
        178,
        122,
        230,
        154,
        150,
        90,
        1030,
        266,
        290,
        198,
        294,
        74,
        94,
        170,
        222,
        114,
        110,
        126,
        118,
        98,
        158,
        170,
        54,
        126,
        242,
        102,
        234,
        122,
        214,
        74,
        222,
        102,
        430
      ],
      "final_population_energies": [
        42,
        50,
        98,
        74,
        34,
        182,
        106,
        50,
        46,
        54,
        114,
        38,
        50,
        54,
        42,
        50,
        42,
        50,
        122,
        58,
        42,
        42,
        46,
        34,
        266,
        50,
        50,
        294,
        38,
        94,
        34,
        222,
        46,
        34,
        126,
        50,
        54,
        46,
        54,
        42,
        54,
        50,
        102,
        58,
        50,
        214,
        54,
        222,
        26,
        50
      ],
      "additional_metrics": null
    },
    {
      "method_name": "QE-MTS (Image H)",
      "best_energy": 34,
      "best_merit": 5.882352941176471,
      "best_sequence": "10000011101110101101",
      "total_time_s": 1.3916606903076172,
      "samples_or_generations": 50,
      "throughput": 35.92829800268903,