{
  "config": {
    "N": 15,
    "population_size": 30,
    "max_generations": 20,
    "n_shots": 100,
    "trotter_steps": 3,
    "total_time": 2.0,
    "p_combine": 0.9,
    "seed": 42,
    "timestamp": "20260201_084957",
    "gpu_available": true
  },
  "results": [
    {
      "method_name": "Random Search",
      "best_energy": 23,
      "best_merit": 4.891304347826087,
      "best_sequence": "000011001101010",
      "total_time_s": 0.007227659225463867,
      "samples_or_generations": 100,
      "throughput": 13835.738083457034,
      "population_mean_energy": 100.04,
      "population_min_energy": 23,
      "population_max_energy": 507,
      "initial_population_energies": [
        75,
        139,
        131,
        59,
        75,
        87,
        259,
        147,
        35,
        87,
        55,
        43,
        127,
        55,
        79,
        75,
        127,
        127,
        131,
        79,
        75,
        107,
        75,
        171,
        87,
        43,
        123,
        87,
        127,
        79,
        23,
        335,
        111,
        79,
        103,
        115,
        259,
        147,
        83,
        71,
        127,
        83,
        59,
        55,
        55,
        91,
        79,
        59,
        51,
        63,
        43,
        171,
        55,
        55,
        47,
        147,
        75,
        91,
        71,
        155,
        235,
        167,
        83,
        91,
        31,
        507,
        75,
        159,
        91,
        79,
        95,
        43,
        59,
        131,
        83,
        99,
        107,
        103,
        151,
        75,
        99,
        47,
        75,
        63,
        39,
        135,
        59,
        43,
        119,
        95,
        95,
        75,
        67,
        71,
        123,
        51,
        43,
        155,
        67,
        95
      ],
      "final_population_energies": [
        75,
        139,
        131,
        59,
        75,
        87,
        259,
        147,
        35,
        87,
        55,
        43,
        127,
        55,
        79,
        75,
        127,
        127,
        131,
        79,
        75,
        107,
        75,
        171,
        87,
        43,
        123,
        87,
        127,
        79,
        23,
        335,
        111,
        79,
        103,
        115,
        259,
        147,
        83,
        71,
        127,
        83,
        59,
        55,
        55,
        91,
        79,
        59,
        51,
        63,
        43,
        171,
        55,
        55,
        47,
        147,
        75,
        91,
        71,
        155,
        235,
        167,
        83,
        91,
        31,
        507,
        75,
        159,
        91,
        79,
        95,
        43,
        59,
        131,
        83,
        99,
        107,
        103,
        151,
        75,
        99,
        47,
        75,
        63,
        39,
        135,
        59,
        43,
        119,
        95,
        95,
        75,
        67,
        71,
        123,
        51,
        43,
        155,
        67,
        95
      ],
      "additional_metrics": null
    },
    {
      "method_name": "Classical MTS",
      "best_energy": 23,
      "best_merit": 4.891304347826087,
      "best_sequence": "100111010000010",
      "total_time_s": 0.11274099349975586,
      "samples_or_generations": 20,
      "throughput": 177.39776259860002,
      "population_mean_energy": 55.666666666666664,
      "population_min_energy": 23,
      "population_max_energy": 131,
      "initial_population_energies": [
        75,
        139,
        131,
        59,
        75,
        87,
        259,
        147,
        35,
        87,
        55,
        43,
        127,
        55,
        79,
        75,
        127,
        127,
        131,
        79,
        75,
        107,
        75,
        171,
        87,
        43,
        123,
        87,
        127,
        79
      ],
      "final_population_energies": [
        23,
        23,
        131,
        23,
        27,
        23,
        27,
        23,
        35,
        31,
        55,
        23,
        127,
        55,
        79,
        23,
        127,
        127,
        131,
        23,
        75,
        23,
        75,
        31,
        31,
        39,
        23,
        87,
        127,
        23
      ],
      "additional_metrics": null
    },
    {
      "method_name": "QE-MTS (Image H)",
      "best_energy": 15,
      "best_merit": 7.5,
      "best_sequence": "111000100010010",
      "total_time_s": 0.45793986320495605,
      "samples_or_generations": 20,
      "throughput": 43.673856781166,
      "population_mean_energy": 67.0,
      "population_min_energy": 15,
      "population_max_energy": 295,
      "initial_population_energies": [
        91,
        99,
        39,
        87,
        135,
        87,
        107,
        95,
        75,
        55,
        75,
        103,
        95,
        103,
        103,
        79,
        91,
        127,
        63,
        147,
        83,
        47,
        79,
        79,
        115,
        75,
        295,
        111,
        51,
        111
      ],
      "final_population_energies": [
        31,
        15,
        39,
        31,
        135,
        23,
        31,
        95,
        75,
        31,
        15,
        23,
        31,
        103,
        103,
        79,
        31,
        127,
        63,
        23,
        23,
        47,
        79,
        79,
        115,
        23,
        295,
        111,
        23,
        111
      ],
      "additional_metrics": {
        "quantum_sampling_time_s": 0.426877498626709,
        "mts_time_s": 0.031061410903930664,
        "quantum_initial_mean_energy": 98.52,
        "quantum_initial_min_energy": 39,
        "n_unique_quantum_states": 100,
        "circuit_execution_time_s": 0.4175260066986084
      }
    },
    {
      "method_name": "QE-MTS (LABS H)",
      "best_energy": 15,
      "best_merit": 7.5,
      "best_sequence": "010010001000111",
      "total_time_s": 0.29333019256591797,
      "samples_or_generations": 20,
      "throughput": 68.18254822338326,
      "population_mean_energy": 77.13333333333334,
      "population_min_energy": 15,
      "population_max_energy": 295,
      "initial_population_energies": [
        99,
        55,
        135,
        107,
        55,
        55,
        167,
        71,
        215,
        99,
        115,
        83,
        295,
        63,
        75,
        147,
        267,
        95,
        95,
        115,
        95,
        139,
        75,
        223,
        55,
        71,
        91,
        191,
        103,
        83
      ],
      "final_population_energies": [
        23,
        55,
        23,
        39,
        23,
        23,
        23,
        71,
        215,
        99,
        23,
        23,
        295,
        63,
        75,
        23,
        267,
        23,
        23,
        115,
        95,
        139,
        75,
        223,
        23,
        15,
        91,
        23,
        23,
        83
      ],
      "additional_metrics": {
        "quantum_sampling_time_s": 0.26233935356140137,
        "mts_time_s": 0.030989408493041992,
        "quantum_initial_mean_energy": 104.52,
        "quantum_initial_min_energy": 31,
        "n_unique_quantum_states": 99,
        "circuit_execution_time_s": 0.2514774799346924
      }
    }
  ]
}