{
  "config": {
    "N": 30,
    "population_size": 30,
    "max_generations": 20,
    "n_shots": 100,
    "trotter_steps": 3,
    "total_time": 2.0,
    "p_combine": 0.9,
    "seed": 42,
    "timestamp": "20260201_085442",
    "gpu_available": true
  },
  "results": [
    {
      "method_name": "Random Search",
      "best_energy": 171,
      "best_merit": 2.6315789473684212,
      "best_sequence": "010111111011100101101001101110",
      "total_time_s": 0.013444185256958008,
      "samples_or_generations": 100,
      "throughput": 7438.15992480803,
      "population_mean_energy": 429.32,
      "population_min_energy": 171,
      "population_max_energy": 1683,
      "initial_population_energies": [
        683,
        299,
        283,
        843,
        235,
        251,
        315,
        507,
        235,
        299,
        379,
        667,
        363,
        379,
        387,
        939,
        603,
        243,
        299,
        435,
        339,
        459,
        507,
        323,
        171,
        371,
        203,
        347,
        347,
        291,
        627,
        563,
        667,
        571,
        355,
        339,
        243,
        547,
        507,
        403,
        379,
        307,
        299,
        339,
        483,
        299,
        355,
        411,
        811,
        387,
        291,
        507,
        323,
        1683,
        323,
        363,
        379,
        323,
        811,
        259,
        323,
        467,
        347,
        347,
        363,
        467,
        307,
        483,
        299,
        435,
        451,
        403,
        331,
        259,
        371,
        291,
        259,
        379,
        459,
        387,
        699,
        403,
        379,
        371,
        251,
        331,
        323,
        1371,
        275,
        675,
        403,
        339,
        347,
        579,
        403,
        251,
        411,
        459,
        475,
        603
      ],
      "final_population_energies": [
        683,
        299,
        283,
        843,
        235,
        251,
        315,
        507,
        235,
        299,
        379,
        667,
        363,
        379,
        387,
        939,
        603,
        243,
        299,
        435,
        339,
        459,
        507,
        323,
        171,
        371,
        203,
        347,
        347,
        291,
        627,
        563,
        667,
        571,
        355,
        339,
        243,
        547,
        507,
        403,
        379,
        307,
        299,
        339,
        483,
        299,
        355,
        411,
        811,
        387,
        291,
        507,
        323,
        1683,
        323,
        363,
        379,
        323,
        811,
        259,
        323,
        467,
        347,
        347,
        363,
        467,
        307,
        483,
        299,
        435,
        451,
        403,
        331,
        259,
        371,
        291,
        259,
        379,
        459,
        387,
        699,
        403,
        379,
        371,
        251,
        331,
        323,
        1371,
        275,
        675,
        403,
        339,
        347,
        579,
        403,
        251,
        411,
        459,
        475,
        603
      ],
      "additional_metrics": null
    },
    {
      "method_name": "Classical MTS",
      "best_energy": 83,
      "best_merit": 5.421686746987952,
      "best_sequence": "110111110110011100000101011010",
      "total_time_s": 0.1354365348815918,
      "samples_or_generations": 20,
      "throughput": 147.67064158489742,
      "population_mean_energy": 264.3333333333333,
      "population_min_energy": 83,
      "population_max_energy": 843,
      "initial_population_energies": [
        683,
        299,
        283,
        843,
        235,
        251,
        315,
        507,
        235,
        299,
        379,
        667,
        363,
        379,
        387,
        939,
        603,
        243,
        299,
        435,
        339,
        459,
        507,
        323,
        171,
        371,
        203,
        347,
        347,
        291
      ],
      "final_population_energies": [
        683,
        99,
        283,
        843,
        235,
        107,
        315,
        507,
        235,
        83,
        379,
        99,
        363,
        379,
        99,
        107,
        91,
        107,
        91,
        435,
        339,
        459,
        107,
        323,
        115,
        115,
        203,
        91,
        347,
        291
      ],
      "additional_metrics": null
    },
    {
      "method_name": "QE-MTS (Image H)",
      "best_energy": 75,
      "best_merit": 6.0,
      "best_sequence": "101010110110110011100111111000",
      "total_time_s": 92.95822381973267,
      "samples_or_generations": 20,
      "throughput": 0.21515041034760507,
      "population_mean_energy": 266.46666666666664,
      "population_min_energy": 75,
      "population_max_energy": 691,
      "initial_population_energies": [
        275,
        291,
        379,
        667,
        387,
        259,
        691,
        339,
        299,
        347,
        411,
        483,
        443,
        323,
        227,
        435,
        435,
        363,
        587,
        507,
        451,
        387,
        307,
        379,
        451,
        603,
        395,
        179,
        371,
        363
      ],
      "final_population_energies": [
        275,
        291,
        379,
        91,
        387,
        259,
        691,
        99,
        75,
        99,
        411,
        483,
        99,
        115,
        227,
        91,
        83,
        115,
        587,
        507,
        107,
        75,
        83,
        379,
        451,
        603,
        91,
        107,
        371,
        363
      ],
      "additional_metrics": {
        "quantum_sampling_time_s": 92.91831922531128,
        "mts_time_s": 0.039903879165649414,
        "quantum_initial_mean_energy": 441.08,
        "quantum_initial_min_energy": 179,
        "n_unique_quantum_states": 100,
        "circuit_execution_time_s": 92.90406942367554
      }
    },
    {
      "method_name": "QE-MTS (LABS H)",
      "best_energy": 83,
      "best_merit": 5.421686746987952,
      "best_sequence": "101000101101000010000001100111",
      "total_time_s": 112.35784435272217,
      "samples_or_generations": 20,
      "throughput": 0.17800270301746357,
      "population_mean_energy": 238.73333333333332,
      "population_min_energy": 83,
      "population_max_energy": 731,
      "initial_population_energies": [
        355,
        363,
        451,
        379,
        923,
        307,
        579,
        467,
        323,
        379,
        747,
        299,
        363,
        643,
        547,
        731,
        243,
        323,
        547,
        323,
        371,
        355,
        419,
        459,
        259,
        275,
        211,
        539,
        283,
        283
      ],
      "final_population_energies": [
        355,
        99,
        123,
        83,
        83,
        123,
        99,
        83,
        83,
        379,
        115,
        91,
        99,
        643,
        115,
        731,
        243,
        83,
        547,
        323,
        371,
        355,
        107,
        91,
        259,
        275,
        99,
        539,
        283,
        283
      ],
      "additional_metrics": {
        "quantum_sampling_time_s": 112.31790614128113,
        "mts_time_s": 0.03993678092956543,
        "quantum_initial_mean_energy": 433.16,
        "quantum_initial_min_energy": 211,
        "n_unique_quantum_states": 100,
        "circuit_execution_time_s": 112.29361534118652
      }
    }
  ]
}