{
  "config": {
    "N": 12,
    "population_size": 30,
    "max_generations": 20,
    "n_shots": 100,
    "trotter_steps": 3,
    "total_time": 2.0,
    "p_combine": 0.9,
    "seed": 42,
    "timestamp": "20260201_094118",
    "gpu_available": true
  },
  "results": [
    {
      "method_name": "Random Search",
      "best_energy": 26,
      "best_merit": 2.769230769230769,
      "best_sequence": "001001010001",
      "total_time_s": 0.0067789554595947266,
      "samples_or_generations": 100,
      "throughput": 14751.535187985792,
      "population_mean_energy": 73.56,
      "population_min_energy": 26,
      "population_max_energy": 506,
      "initial_population_energies": [
        86,
        46,
        46,
        106,
        42,
        82,
        206,
        102,
        90,
        142,
        38,
        102,
        46,
        82,
        38,
        78,
        50,
        66,
        38,
        62,
        74,
        34,
        50,
        66,
        34,
        38,
        82,
        54,
        46,
        66,
        122,
        26,
        34,
        38,
        46,
        78,
        54,
        38,
        122,
        506,
        98,
        90,
        114,
        26,
        42,
        98,
        62,
        38,
        26,
        38,
        78,
        54,
        38,
        66,
        38,
        54,
        46,
        82,
        102,
        46,
        46,
        162,
        30,
        46,
        54,
        54,
        98,
        26,
        122,
        50,
        54,
        58,
        146,
        50,
        110,
        158,
        126,
        34,
        26,
        142,
        34,
        94,
        286,
        42,
        66,
        114,
        34,
        106,
        26,
        50,
        74,
        26,
        46,
        90,
        54,
        70,
        46,
        38,
        42,
        34
      ],
      "final_population_energies": [
        86,
        46,
        46,
        106,
        42,
        82,
        206,
        102,
        90,
        142,
        38,
        102,
        46,
        82,
        38,
        78,
        50,
        66,
        38,
        62,
        74,
        34,
        50,
        66,
        34,
        38,
        82,
        54,
        46,
        66,
        122,
        26,
        34,
        38,
        46,
        78,
        54,
        38,
        122,
        506,
        98,
        90,
        114,
        26,
        42,
        98,
        62,
        38,
        26,
        38,
        78,
        54,
        38,
        66,
        38,
        54,
        46,
        82,
        102,
        46,
        46,
        162,
        30,
        46,
        54,
        54,
        98,
        26,
        122,
        50,
        54,
        58,
        146,
        50,
        110,
        158,
        126,
        34,
        26,
        142,
        34,
        94,
        286,
        42,
        66,
        114,
        34,
        106,
        26,
        50,
        74,
        26,
        46,
        90,
        54,
        70,
        46,
        38,
        42,
        34
      ],
      "additional_metrics": null
    },
    {
      "method_name": "Classical MTS",
      "best_energy": 10,
      "best_merit": 7.2,
      "best_sequence": "111110011010",
      "total_time_s": 0.10841012001037598,
      "samples_or_generations": 20,
      "throughput": 184.4846218977139,
      "population_mean_energy": 45.333333333333336,
      "population_min_energy": 10,
      "population_max_energy": 142,
      "initial_population_energies": [
        86,
        46,
        46,
        106,
        42,
        82,
        206,
        102,
        90,
        142,
        38,
        102,
        46,
        82,
        38,
        78,
        50,
        66,
        38,
        62,
        74,
        34,
        50,
        66,
        34,
        38,
        82,
        54,
        46,
        66
      ],
      "final_population_energies": [
        86,
        46,
        14,
        106,
        42,
        22,
        14,
        102,
        90,
        142,
        22,
        102,
        46,
        14,
        22,
        14,
        50,
        22,
        10,
        10,
        74,
        10,
        50,
        66,
        34,
        22,
        82,
        14,
        10,
        22
      ],
      "additional_metrics": null
    },
    {
      "method_name": "QE-MTS (Image H)",
      "best_energy": 10,
      "best_merit": 7.2,
      "best_sequence": "110011111010",
      "total_time_s": 0.6617960929870605,
      "samples_or_generations": 20,
      "throughput": 30.22078886825801,
      "population_mean_energy": 34.0,
      "population_min_energy": 10,
      "population_max_energy": 98,
      "initial_population_energies": [
        42,
        42,
        38,
        34,
        114,
        78,
        98,
        82,
        94,
        94,
        34,
        26,
        26,
        26,
        42,
        30,
        58,
        50,
        66,
        54,
        94,
        98,
        46,
        82,
        206,
        42,
        38,
        122,
        34,
        54
      ],
      "final_population_energies": [
        14,
        42,
        14,
        22,
        14,
        78,
        98,
        22,
        10,
        14,
        34,
        14,
        26,
        26,
        14,
        30,
        58,
        50,
        10,
        54,
        94,
        22,
        46,
        82,
        14,
        42,
        38,
        10,
        14,
        14
      ],
      "additional_metrics": {
        "quantum_sampling_time_s": 0.6352980136871338,
        "mts_time_s": 0.026496410369873047,
        "quantum_initial_mean_energy": 71.12,
        "quantum_initial_min_energy": 10,
        "n_unique_quantum_states": 88,
        "circuit_execution_time_s": 0.1729111671447754
      }
    },
    {
      "method_name": "QE-MTS (LABS H)",
      "best_energy": 10,
      "best_merit": 7.2,
      "best_sequence": "111101011001",
      "total_time_s": 0.2337322235107422,
      "samples_or_generations": 20,
      "throughput": 85.56800470039089,
      "population_mean_energy": 40.53333333333333,
      "population_min_energy": 10,
      "population_max_energy": 134,
      "initial_population_energies": [
        38,
        38,
        54,
        54,
        86,
        82,
        110,
        30,
        134,
        46,
        78,
        54,
        50,
        102,
        46,
        94,
        74,
        66,
        90,
        86,
        158,
        34,
        42,
        42,
        38,
        66,
        38,
        54,
        46,
        82
      ],
      "final_population_energies": [
        38,
        14,
        22,
        14,
        86,
        14,
        110,
        14,
        134,
        46,
        14,
        14,
        50,
        102,
        46,
        14,
        74,
        14,
        22,
        86,
        10,
        34,
        26,
        42,
        14,
        66,
        22,
        14,
        46,
        14
      ],
      "additional_metrics": {
        "quantum_sampling_time_s": 0.20656800270080566,
        "mts_time_s": 0.027162790298461914,
        "quantum_initial_mean_energy": 70.04,
        "quantum_initial_min_energy": 26,
        "n_unique_quantum_states": 99,
        "circuit_execution_time_s": 0.19846630096435547
      }
    }
  ]
}