{
  "config": {
    "N": 30,
    "population_size": 30,
    "max_generations": 20,
    "n_shots": 200,
    "trotter_steps": 3,
    "total_time": 2.0,
    "p_combine": 0.9,
    "seed": 42,
    "timestamp": "20260201_101656",
    "gpu_available": true
  },
  "results": [
    {
      "method_name": "Random Search",
      "best_energy": 171,
      "best_merit": 2.6315789473684212,
      "best_sequence": "010111111011100101101001101110",
      "total_time_s": 0.028087377548217773,
      "samples_or_generations": 200,
      "throughput": 7120.636294957006,
      "population_mean_energy": 422.68,
      "population_min_energy": 171,
      "population_max_energy": 1683,
      "initial_population_energies": [
        683,
        299,
        283,
        843,
        235,
        251,
        315,
        507,
        235,
        299,
        379,
        667,
        363,
        379,
        387,
        939,
        603,
        243,
        299,
        435,
        339,
        459,
        507,
        323,
        171,
        371,
        203,
        347,
        347,
        291,
        627,
        563,
        667,
        571,
        355,
        339,
        243,
        547,
        507,
        403,
        379,
        307,
        299,
        339,
        483,
        299,
        355,
        411,
        811,
        387,
        291,
        507,
        323,
        1683,
        323,
        363,
        379,
        323,
        811,
        259,
        323,
        467,
        347,
        347,
        363,
        467,
        307,
        483,
        299,
        435,
        451,
        403,
        331,
        259,
        371,
        291,
        259,
        379,
        459,
        387,
        699,
        403,
        379,
        371,
        251,
        331,
        323,
        1371,
        275,
        675,
        403,
        339,
        347,
        579,
        403,
        251,
        411,
        459,
        475,
        603,
        299,
        779,
        411,
        491,
        235,
        435,
        363,
        395,
        515,
        515,
        243,
        443,
        459,
        347,
        355,
        363,
        307,
        531,
        251,
        659,
        531,
        379,
        275,
        267,
        571,
        371,
        267,
        283,
        283,
        363,
        387,
        283,
        699,
        283,
        227,
        539,
        443,
        339,
        395,
        595,
        371,
        571,
        523,
        691,
        355,
        387,
        299,
        1163,
        307,
        243,
        475,
        475,
        419,
        291,
        203,
        251,
        403,
        187,
        347,
        347,
        235,
        307,
        403,
        651,
        419,
        363,
        467,
        235,
        315,
        379,
        251,
        579,
        803,
        315,
        699,
        323,
        203,
        579,
        211,
        291,
        747,
        299,
        395,
        987,
        427,
        563,
        475,
        219,
        347,
        459,
        355,
        483,
        299,
        363,
        387,
        867,
        347,
        315,
        451,
        307
      ],
      "final_population_energies": [
        683,
        299,
        283,
        843,
        235,
        251,
        315,
        507,
        235,
        299,
        379,
        667,
        363,
        379,
        387,
        939,
        603,
        243,
        299,
        435,
        339,
        459,
        507,
        323,
        171,
        371,
        203,
        347,
        347,
        291,
        627,
        563,
        667,
        571,
        355,
        339,
        243,
        547,
        507,
        403,
        379,
        307,
        299,
        339,
        483,
        299,
        355,
        411,
        811,
        387,
        291,
        507,
        323,
        1683,
        323,
        363,
        379,
        323,
        811,
        259,
        323,
        467,
        347,
        347,
        363,
        467,
        307,
        483,
        299,
        435,
        451,
        403,
        331,
        259,
        371,
        291,
        259,
        379,
        459,
        387,
        699,
        403,
        379,
        371,
        251,
        331,
        323,
        1371,
        275,
        675,
        403,
        339,
        347,
        579,
        403,
        251,
        411,
        459,
        475,
        603,
        299,
        779,
        411,
        491,
        235,
        435,
        363,
        395,
        515,
        515,
        243,
        443,
        459,
        347,
        355,
        363,
        307,
        531,
        251,
        659,
        531,
        379,
        275,
        267,
        571,
        371,
        267,
        283,
        283,
        363,
        387,
        283,
        699,
        283,
        227,
        539,
        443,
        339,
        395,
        595,
        371,
        571,
        523,
        691,
        355,
        387,
        299,
        1163,
        307,
        243,
        475,
        475,
        419,
        291,
        203,
        251,
        403,
        187,
        347,
        347,
        235,
        307,
        403,
        651,
        419,
        363,
        467,
        235,
        315,
        379,
        251,
        579,
        803,
        315,
        699,
        323,
        203,
        579,
        211,
        291,
        747,
        299,
        395,
        987,
        427,
        563,
        475,
        219,
        347,
        459,
        355,
        483,
        299,
        363,
        387,
        867,
        347,
        315,
        451,
        307
      ],
      "additional_metrics": null
    },
    {
      "method_name": "Classical MTS",
      "best_energy": 75,
      "best_merit": 6.0,
      "best_sequence": "101010001100010010010000001111",
      "total_time_s": 0.1363813877105713,
      "samples_or_generations": 20,
      "throughput": 146.64757659193216,
      "population_mean_energy": 240.33333333333334,
      "population_min_energy": 75,
      "population_max_energy": 843,
      "initial_population_energies": [
        683,
        299,
        283,
        843,
        235,
        251,
        315,
        507,
        235,
        299,
        379,
        667,
        363,
        379,
        387,
        939,
        603,
        243,
        299,
        435,
        339,
        459,
        507,
        323,
        171,
        371,
        203,
        347,
        347,
        291
      ],
      "final_population_energies": [
        107,
        299,
        91,
        843,
        235,
        107,
        99,
        507,
        99,
        299,
        379,
        667,
        363,
        379,
        123,
        75,
        107,
        107,
        299,
        99,
        339,
        459,
        115,
        99,
        171,
        123,
        75,
        115,
        347,
        83
      ],
      "additional_metrics": null
    },
    {
      "method_name": "QE-MTS (Image H)",
      "best_energy": 75,
      "best_merit": 6.0,
      "best_sequence": "111000001001101110001011010100",
      "total_time_s": 69.21991848945618,
      "samples_or_generations": 20,
      "throughput": 0.28893417438864033,
      "population_mean_energy": 312.8666666666667,
      "population_min_energy": 99,
      "population_max_energy": 923,