{
  "config": {
    "N": 20,
    "population_size": 100,
    "max_generations": 1000,
    "n_shots": 10,
    "trotter_steps": 10,
    "total_time": 2.0,
    "p_combine": 0.9,
    "seed": 42,
    "timestamp": "20260201_104540",
    "gpu_available": true
  },
  "results": [
    {
      "method_name": "Random Search",
      "best_energy": 74,
      "best_merit": 2.7027027027027026,
      "best_sequence": "11111001000010100010",
      "total_time_s": 0.0011310577392578125,
      "samples_or_generations": 10,
      "throughput": 8841.281618887015,
      "population_mean_energy": 144.4,
      "population_min_energy": 74,
      "population_max_energy": 254,
      "initial_population_energies": [
        170,
        130,
        98,
        74,
        254,
        182,
        106,
        134,
        186,
        110
      ],
      "final_population_energies": [
        170,
        130,
        98,
        74,
        254,
        182,
        106,
        134,
        186,
        110
      ],
      "additional_metrics": null
    },
    {
      "method_name": "Classical MTS",
      "best_energy": 26,
      "best_merit": 7.6923076923076925,
      "best_sequence": "11001001111011110101",
      "total_time_s": 1.6617224216461182,
      "samples_or_generations": 1000,
      "throughput": 601.7852241587921,
      "population_mean_energy": 45.8,
      "population_min_energy": 34,
      "population_max_energy": 62,
      "initial_population_energies": [
        170,
        130,
        98,
        74,
        254,
        182,
        106,
        134,
        186,
        110,
        114,
        126,
        194,
        194,
        102,
        142,
        214,
        178,
        122,
        230,
        154,
        150,
        90,
        1030,
        266,
        290,
        198,
        294,
        74,
        94,
        170,
        222,
        114,
        110,
        126,
        118,
        98,
        158,
        170,
        54,
        126,
        242,
        102,
        234,
        122,
        214,
        74,
        222,
        102,
        430,
        254,
        210,
        206,
        186,
        86,
        126,
        190,
        194,
        266,
        114,
        178,
        390,
        70,
        82,
        306,
        134,
        130,
        202,
        150,
        170,
        206,
        114,
        186,
        106,
        234,
        210,
        138,
        206,
        110,
        122,
        530,
        146,
        234,
        166,
        202,
        250,
        134,
        222,
        94,
        126,
        142,
        110,
        230,
        190,
        198,
        202,
        158,
        146,
        106,
        158
      ],
      "final_population_energies": [
        58,
        54,
        54,
        46,
        42,
        54,
        50,
        46,
        50,
        46,
        42,
        50,
        50,
        50,
        50,
        46,
        34,
        42,
        34,
        38,
        50,
        54,
        50,
        34,
        46,
        46,
        42,
        50,
        42,
        38,
        46,
        34,
        34,
        42,
        50,
        38,
        38,
        42,
        42,
        50,
        34,
        46,
        54,
        42,
        34,
        50,
        46,
        42,
        50,
        34,
        42,
        54,
        42,
        38,
        50,
        42,
        50,
        54,
        58,
        46,
        42,
        42,
        50,
        58,
        62,
        50,
        46,
        38,
        42,
        42,
        50,
        38,
        34,
        54,
        54,
        54,
        42,
        50,
        54,
        46,
        50,
        46,
        50,
        54,
        34,
        38,
        50,
        34,
        54,
        42,
        50,
        50,
        38,
        46,
        42,
        50,
        34,
        54,
        50,
        54
      ],
      "additional_metrics": null
    },
    {
      "method_name": "QE-MTS (Image H)",
      "best_energy": 26,
      "best_merit": 7.6923076923076925,
      "best_sequence": "11110110000100001010",
      "total_time_s": 34.79198455810547,
      "samples_or_generations": 1000,
      "throughput": 28.742252352116274,
      "population_mean_energy": 78.64,
      "population_min_energy": 26,
      "population_max_energy": 202,
      "initial_population_energies": [
        162,
        118,
        186,
        106,
        102,
        106,
        246,
        170,
        230,
        450
      ],
      "final_population_energies": [
        26,
        114,
        46,
        54,
        34,
        54,
        58,
        202,
        50,
        102,
        54,
        114,
        50,
        70,
        114,
        102,
        110,
        46,
        50,
        114,
        114,
        118,
        74,
        62,
        42,
        194,
        38,
        86,
        62,
        82,
        86,
        162,
        42,
        58,
        94,
        114,
        50,
        78,
        58,
        50,
        54,
        50,
        54,
        38,
        106,
        70,
        54,
        174,
        66,
        118,
        54,
        98,
        66,
        42,
        46,
        50,
        54,
        54,
        114,
        126,
        150,
        102,
        94,
        150,
        126,
        46,
        98,
        50,
        34,
        78,
        34,
        110,
        26,
        54,
        146,
        114,
        86,
        114,
        38,
        46,
        26,
        138,
        46,
        86,
        54,
        58,
        110,
        42,
        114,
        46,
        138,
        74,
        42,
        58,
        34,
        46,
        174,
        90,
        42,
        34
      ],
      "additional_metrics": {
        "quantum_sampling_time_s": 33.401796102523804,
        "mts_time_s": 1.3901870250701904,
        "quantum_initial_mean_energy": 187.6,
        "quantum_initial_min_energy": 102,
        "n_unique_quantum_states": 10,
        "circuit_execution_time_s": 3.6144216060638428
      }
    },
    {
      "method_name": "QE-MTS (LABS H)",
      "best_energy": 26,
      "best_merit": 7.6923076923076925,
      "best_sequence": "01010000100001101100",
      "total_time_s": 4.151325941085815,
      "samples_or_generations": 1000,
      "throughput": 240.8868911262702,
      "population_mean_energy": 45.6,
      "population_min_energy": 34,
      "population_max_energy": 62,
      "initial_population_energies": [
        154,
        82,
        186,
        210,
        126,
        210,
        214,
        126,
        154,
        102
      ],