{
  "config": {
    "N": 20,
    "population_size": 30,
    "max_generations": 20,
    "n_shots": 100,
    "trotter_steps": 3,
    "total_time": 2.0,
    "p_combine": 0.9,
    "seed": 42,
    "timestamp": "20260201_094254",
    "gpu_available": true
  },
  "results": [
    {
      "method_name": "Random Search",
      "best_energy": 54,
      "best_merit": 3.7037037037037037,
      "best_sequence": "11000110010010111111",
      "total_time_s": 0.009202003479003906,
      "samples_or_generations": 100,
      "throughput": 10867.198673437662,
      "population_mean_energy": 179.28,
      "population_min_energy": 54,
      "population_max_energy": 1030,
      "initial_population_energies": [
        170,
        130,
        98,
        74,
        254,
        182,
        106,
        134,
        186,
        110,
        114,
        126,
        194,
        194,
        102,
        142,
        214,
        178,
        122,
        230,
        154,
        150,
        90,
        1030,
        266,
        290,
        198,
        294,
        74,
        94,
        170,
        222,
        114,
        110,
        126,
        118,
        98,
        158,
        170,
        54,
        126,
        242,
        102,
        234,
        122,
        214,
        74,
        222,
        102,
        430,
        254,
        210,
        206,
        186,
        86,
        126,
        190,
        194,
        266,
        114,
        178,
        390,
        70,
        82,
        306,
        134,
        130,
        202,
        150,
        170,
        206,
        114,
        186,
        106,
        234,
        210,
        138,
        206,
        110,
        122,
        530,
        146,
        234,
        166,
        202,
        250,
        134,
        222,
        94,
        126,
        142,
        110,
        230,
        190,
        198,
        202,
        158,
        146,
        106,
        158
      ],
      "final_population_energies": [
        170,
        130,
        98,
        74,
        254,
        182,
        106,
        134,
        186,
        110,
        114,
        126,
        194,
        194,
        102,
        142,
        214,
        178,
        122,
        230,
        154,
        150,
        90,
        1030,
        266,
        290,
        198,
        294,
        74,
        94,
        170,
        222,
        114,
        110,
        126,
        118,
        98,
        158,
        170,
        54,
        126,
        242,
        102,
        234,
        122,
        214,
        74,
        222,
        102,
        430,
        254,
        210,
        206,
        186,
        86,
        126,
        190,
        194,
        266,
        114,
        178,
        390,
        70,
        82,
        306,
        134,
        130,
        202,
        150,
        170,
        206,
        114,
        186,
        106,
        234,
        210,
        138,
        206,
        110,
        122,
        530,
        146,
        234,
        166,
        202,
        250,
        134,
        222,
        94,
        126,
        142,
        110,
        230,
        190,
        198,
        202,
        158,
        146,
        106,
        158
      ],
      "additional_metrics": null
    },
    {
      "method_name": "Classical MTS",
      "best_energy": 26,
      "best_merit": 7.6923076923076925,
      "best_sequence": "01100011010001011111",
      "total_time_s": 0.12257194519042969,
      "samples_or_generations": 20,
      "throughput": 163.16947543687658,
      "population_mean_energy": 100.4,
      "population_min_energy": 34,
      "population_max_energy": 294,
      "initial_population_energies": [
        170,
        130,
        98,
        74,
        254,
        182,
        106,
        134,
        186,
        110,
        114,
        126,
        194,
        194,
        102,
        142,
        214,
        178,
        122,
        230,
        154,
        150,
        90,
        1030,
        266,
        290,
        198,
        294,
        74,
        94
      ],
      "final_population_energies": [
        46,
        54,
        98,
        74,
        50,
        182,
        46,
        42,
        46,
        110,
        114,
        126,
        38,
        194,
        102,
        38,
        214,
        178,
        122,
        230,
        50,
        54,
        50,
        38,
        34,
        58,
        198,
        294,
        74,
        58
      ],
      "additional_metrics": null
    },
    {
      "method_name": "QE-MTS (Image H)",
      "best_energy": 34,
      "best_merit": 5.882352941176471,
      "best_sequence": "00011101010000100100",
      "total_time_s": 5.02516508102417,
      "samples_or_generations": 20,
      "throughput": 3.979968752772563,
      "population_mean_energy": 103.6,
      "population_min_energy": 34,
      "population_max_energy": 250,
      "initial_population_energies": [
        230,
        90,
        226,
        82,
        378,
        146,
        90,
        182,
        202,
        106,
        122,
        118,
        206,
        178,
        182,
        214,
        186,
        474,
        162,
        194,
        238,
        182,
        346,
        186,
        206,
        198,
        146,
        106,
        158,
        250
      ],
      "final_population_energies": [
        54,
        46,
        226,
        58,
        34,
        46,
        38,
        34,
        34,
        106,
        122,
        118,
        206,
        34,
        182,
        214,
        186,
        42,
        54,
        194,
        50,
        54,
        50,
        186,
        206,
        38,
        54,
        34,
        158,
        250
      ],
      "additional_metrics": {
        "quantum_sampling_time_s": 4.984951019287109,
        "mts_time_s": 0.040212154388427734,
        "quantum_initial_mean_energy": 197.36,
        "quantum_initial_min_energy": 58,
        "n_unique_quantum_states": 100,
        "circuit_execution_time_s": 1.0371029376983643
      }
    },
    {
      "method_name": "QE-MTS (LABS H)",
      "best_energy": 34,
      "best_merit": 5.882352941176471,
      "best_sequence": "10011001111000001010",
      "total_time_s": 1.3567419052124023,
      "samples_or_generations": 20,
      "throughput": 14.74119721898686,
      "population_mean_energy": 107.2,
      "population_min_energy": 34,
      "population_max_energy": 210,
      "initial_population_energies": [
        134,
        138,
        114,
        194,
        126,
        154,
        174,
        190,
        150,
        130,
        150,
        190,
        158,
        170,
        142,
        198,
        142,
        142,
        194,
        190,
        210,
        122,
        154,
        154,
        130,
        178,
        294,
        138,
        122,
        182
      ],
      "final_population_energies": [
        54,
        138,
        38,
        194,
        46,
        154,
        174,
        190,
        46,
        130,
        34,
        50,
        54,
        170,
        142,
        198,
        54,
        46,
        38,
        34,
        210,
        122,
        154,
        42,
        34,
        178,
        50,
        138,
        122,
        182
      ],
      "additional_metrics": {
        "quantum_sampling_time_s": 1.3163716793060303,
        "mts_time_s": 0.04036879539489746,
        "quantum_initial_mean_energy": 187.32,
        "quantum_initial_min_energy": 46,
        "n_unique_quantum_states": 100,
        "circuit_execution_time_s": 1.2992706298828125
      }
    }
  ]
}