{
  "config": {
    "N": 20,
    "population_size": 100,
    "max_generations": 1000,
    "n_shots": 10,
    "trotter_steps": 10,
    "total_time": 2.0,
    "p_combine": 0.9,
    "seed": 42,
    "timestamp": "20260201_103744",
    "gpu_available": true
  },
  "results": [
    {
      "method_name": "Random Search",
      "best_energy": 74,
      "best_merit": 2.7027027027027026,
      "best_sequence": "11111001000010100010",
      "total_time_s": 0.0011203289031982422,
      "samples_or_generations": 10,
      "throughput": 8925.950202170674,
      "population_mean_energy": 144.4,
      "population_min_energy": 74,
      "population_max_energy": 254,
      "initial_population_energies": [
        170,
        130,
        98,
        74,
        254,
        182,
        106,
        134,
        186,
        110
      ],
      "final_population_energies": [
        170,
        130,
        98,
        74,
        254,
        182,
        106,
        134,
        186,
        110
      ],
      "additional_metrics": null
    },
    {
      "method_name": "Classical MTS",
      "best_energy": 26,
      "best_merit": 7.6923076923076925,
      "best_sequence": "10011100101110100000",
      "total_time_s": 1.6505260467529297,
      "samples_or_generations": 1000,
      "throughput": 605.8674456954461,
      "population_mean_energy": 44.68,
      "population_min_energy": 26,
      "population_max_energy": 58,
      "initial_population_energies": [
        170,
        130,
        98,
        74,
        254,
        182,
        106,
        134,
        186,
        110,
        114,
        126,
        194,
        194,
        102,
        142,
        214,
        178,
        122,
        230,
        154,
        150,
        90,
        1030,
        266,
        290,
        198,
        294,
        74,
        94,
        170,
        222,
        114,
        110,
        126,
        118,
        98,
        158,
        170,
        54,
        126,
        242,
        102,
        234,
        122,
        214,
        74,
        222,
        102,
        430,
        254,
        210,
        206,
        186,
        86,
        126,
        190,
        194,
        266,
        114,
        178,
        390,
        70,
        82,
        306,
        134,
        130,
        202,
        150,
        170,
        206,
        114,
        186,
        106,
        234,
        210,
        138,
        206,
        110,
        122,
        530,
        146,
        234,
        166,
        202,
        250,
        134,
        222,
        94,
        126,
        142,
        110,
        230,
        190,
        198,
        202,
        158,
        146,
        106,
        158
      ],
      "final_population_energies": [
        34,
        46,
        50,
        38,
        50,
        46,
        46,
        42,
        34,
        38,
        34,
        46,
        34,
        42,
        46,
        26,
        46,
        54,
        34,
        50,
        54,
        50,
        50,
        34,
        34,
        54,
        42,
        54,
        46,
        50,
        46,
        50,
        50,
        46,
        46,
        42,
        54,
        42,
        50,
        50,
        46,
        42,
        54,
        46,
        50,
        42,
        42,
        58,
        46,
        42,
        34,
        34,
        50,
        50,
        50,
        54,
        46,
        54,
        46,
        50,
        50,
        38,
        42,
        34,
        34,
        54,
        34,
        50,
        34,
        54,
        38,
        34,
        34,
        50,
        50,
        46,
        50,
        50,
        42,
        50,
        42,
        34,
        50,
        46,
        50,
        38,
        42,
        46,
        38,
        50,
        50,
        38,
        46,
        50,
        34,
        38,
        50,
        46,
        46,
        50
      ],
      "additional_metrics": null
    },
    {
      "method_name": "QE-MTS (Image H)",
      "best_energy": 26,
      "best_merit": 7.6923076923076925,
      "best_sequence": "11001001111011110101",
      "total_time_s": 34.01999616622925,
      "samples_or_generations": 1000,
      "throughput": 29.394477151431122,
      "population_mean_energy": 76.52,
      "population_min_energy": 34,
      "population_max_energy": 210,
      "initial_population_energies": [
        182,
        126,
        142,
        118,
        218,
        206,
        102,
        430,
        214,
        234
      ],
      "final_population_energies": [
        102,
        46,
        106,
        34,
        46,
        34,
        58,
        54,
        122,
        38,
        38,
        34,
        110,
        130,
        54,
        34,
        46,
        34,
        58,
        46,
        50,
        98,
        126,
        46,
        126,
        38,
        54,
        90,
        110,
        174,
        70,
        134,
        190,
        78,
        70,
        202,
        38,
        98,
        70,
        138,
        86,
        34,
        54,
        42,
        114,
        50,
        54,
        42,
        86,
        50,
        94,
        42,
        78,
        46,
        74,
        102,
        90,
        94,
        34,
        130,
        54,
        98,
        54,
        42,
        50,
        34,
        78,
        90,
        174,
        122,
        46,
        210,
        50,
        34,
        42,
        106,
        50,
        66,
        58,
        66,
        50,
        50,
        50,
        110,
        150,
        102,
        46,
        74,
        54,
        70,
        70,
        66,
        50,
        146,
        106,
        130,
        50,
        50,
        38,
        46
      ],
      "additional_metrics": {
        "quantum_sampling_time_s": 32.35090494155884,
        "mts_time_s": 1.6690888404846191,
        "quantum_initial_mean_energy": 197.2,
        "quantum_initial_min_energy": 102,
        "n_unique_quantum_states": 10,
        "circuit_execution_time_s": 3.3929178714752197
      }
    },
    {
      "method_name": "QE-MTS (LABS H)",
      "best_energy": 26,
      "best_merit": 7.6923076923076925,
      "best_sequence": "00110110000100001010",
      "total_time_s": 4.335271835327148,
      "samples_or_generations": 1000,
      "throughput": 230.6660430958969,
      "population_mean_energy": 43.92,
      "population_min_energy": 34,
      "population_max_energy": 58,
      "initial_population_energies": [
        214,
        174,
        114,
        258,
        98,
        186,
        342,
        162,
        614,
        290
      ],