{
  "config": {
    "N": 30,
    "population_size": 30,
    "max_generations": 20,
    "n_shots": 100,
    "trotter_steps": 3,
    "total_time": 2.0,
    "p_combine": 0.9,
    "seed": 42,
    "timestamp": "20260201_093547",
    "gpu_available": true
  },
  "results": [
    {
      "method_name": "Random Search",
      "best_energy": 171,
      "best_merit": 2.6315789473684212,
      "best_sequence": "010111111011100101101001101110",
      "total_time_s": 0.01346588134765625,
      "samples_or_generations": 100,
      "throughput": 7426.175637393768,
      "population_mean_energy": 429.32,
      "population_min_energy": 171,
      "population_max_energy": 1683,
      "initial_population_energies": [
        683,
        299,
        283,
        843,
        235,
        251,
        315,
        507,
        235,
        299,
        379,
        667,
        363,
        379,
        387,
        939,
        603,
        243,
        299,
        435,
        339,
        459,
        507,
        323,
        171,
        371,
        203,
        347,
        347,
        291,
        627,
        563,
        667,
        571,
        355,
        339,
        243,
        547,
        507,
        403,
        379,
        307,
        299,
        339,
        483,
        299,
        355,
        411,
        811,
        387,
        291,
        507,
        323,
        1683,
        323,
        363,
        379,
        323,
        811,
        259,
        323,
        467,
        347,
        347,
        363,
        467,
        307,
        483,
        299,
        435,
        451,
        403,
        331,
        259,
        371,
        291,
        259,
        379,
        459,
        387,
        699,
        403,
        379,
        371,
        251,
        331,
        323,
        1371,
        275,
        675,
        403,
        339,
        347,
        579,
        403,
        251,
        411,
        459,
        475,
        603
      ],
      "final_population_energies": [
        683,
        299,
        283,
        843,
        235,
        251,
        315,
        507,
        235,
        299,
        379,
        667,
        363,
        379,
        387,
        939,
        603,
        243,
        299,
        435,
        339,
        459,
        507,
        323,
        171,
        371,
        203,
        347,
        347,
        291,
        627,
        563,
        667,
        571,
        355,
        339,
        243,
        547,
        507,
        403,
        379,
        307,
        299,
        339,
        483,
        299,
        355,
        411,
        811,
        387,
        291,
        507,
        323,
        1683,
        323,
        363,
        379,
        323,
        811,
        259,
        323,
        467,
        347,
        347,
        363,
        467,
        307,
        483,
        299,
        435,
        451,
        403,
        331,
        259,
        371,
        291,
        259,
        379,
        459,
        387,
        699,
        403,
        379,
        371,
        251,
        331,
        323,
        1371,
        275,
        675,
        403,
        339,
        347,
        579,
        403,
        251,
        411,
        459,
        475,
        603
      ],
      "additional_metrics": null
    },
    {
      "method_name": "Classical MTS",
      "best_energy": 75,
      "best_merit": 6.0,
      "best_sequence": "111111100011100110110010101101",
      "total_time_s": 0.13589239120483398,
      "samples_or_generations": 20,
      "throughput": 147.17527466165123,
      "population_mean_energy": 235.53333333333333,
      "population_min_energy": 75,
      "population_max_energy": 939,
      "initial_population_energies": [
        683,
        299,
        283,
        843,
        235,
        251,
        315,
        507,
        235,
        299,
        379,
        667,
        363,
        379,
        387,
        939,
        603,
        243,
        299,
        435,
        339,
        459,
        507,
        323,
        171,
        371,
        203,
        347,
        347,
        291
      ],
      "final_population_energies": [
        683,
        299,
        283,
        107,
        99,
        115,
        115,
        123,
        115,
        123,
        99,
        99,
        83,
        379,
        387,
        939,
        83,
        243,
        299,
        107,
        75,
        107,
        507,
        323,
        91,
        107,
        91,
        347,
        347,
        291
      ],
      "additional_metrics": null
    },
    {
      "method_name": "QE-MTS (Image H)",
      "best_energy": 67,
      "best_merit": 6.7164179104477615,
      "best_sequence": "110110011000000011100010100101",
      "total_time_s": 67.99245858192444,
      "samples_or_generations": 20,
      "throughput": 0.29415026926702326,
      "population_mean_energy": 260.6,
      "population_min_energy": 83,
      "population_max_energy": 1035,
      "initial_population_energies": [
        227,
        299,
        395,
        483,
        643,
        387,
        427,
        491,
        515,
        739,
        595,
        675,
        283,
        1163,
        219,
        243,
        419,
        363,
        1035,
        467,
        267,
        491,
        275,
        339,
        251,
        267,
        787,
        371,
        587,
        299
      ],
      "final_population_energies": [
        227,
        299,
        395,
        99,
        91,
        387,
        99,
        107,
        99,
        739,
        595,
        107,
        99,
        99,
        83,
        99,
        99,
        91,
        1035,
        115,
        99,
        491,
        275,
        107,
        251,
        267,
        107,
        371,
        587,
        299
      ],
      "additional_metrics": {
        "quantum_sampling_time_s": 67.95304799079895,
        "mts_time_s": 0.03940939903259277,
        "quantum_initial_mean_energy": 439.16,
        "quantum_initial_min_energy": 187,
        "n_unique_quantum_states": 100,
        "circuit_execution_time_s": 23.2941632270813
      }
    },
    {
      "method_name": "QE-MTS (LABS H)",
      "best_energy": 75,
      "best_merit": 6.0,
      "best_sequence": "011101110111110000011010110100",
      "total_time_s": 25.08912706375122,
      "samples_or_generations": 20,
      "throughput": 0.7971580656903766,
      "population_mean_energy": 310.73333333333335,
      "population_min_energy": 75,
      "population_max_energy": 1163,
      "initial_population_energies": [
        867,
        1019,
        283,
        283,
        603,
        1163,
        675,
        875,
        235,
        379,
        867,
        443,
        243,
        467,
        291,
        371,
        235,
        451,
        251,
        419,
        323,
        595,
        651,
        747,
        315,
        227,
        379,
        827,
        403,
        475
      ],
      "final_population_energies": [
        99,
        107,
        283,
        283,
        75,
        1163,
        91,
        99,
        235,
        379,
        867,
        443,
        91,
        107,
        291,
        371,
        235,
        75,
        91,
        419,
        323,
        91,
        651,
        747,
        99,
        91,
        107,
        827,
        107,
        475
      ],
      "additional_metrics": {
        "quantum_sampling_time_s": 25.049404621124268,
        "mts_time_s": 0.039721012115478516,
        "quantum_initial_mean_energy": 454.28,
        "quantum_initial_min_energy": 195,
        "n_unique_quantum_states": 100,
        "circuit_execution_time_s": 25.02215313911438
      }
    }
  ]
}