{
  "config": {
    "N": 4,
    "population_size": 30,
    "max_generations": 20,
    "n_shots": 100,
    "trotter_steps": 3,
    "total_time": 2.0,
    "p_combine": 0.9,
    "seed": 42,
    "timestamp": "20260201_090159",
    "gpu_available": true
  },
  "results": [
    {
      "method_name": "Random Search",
      "best_energy": 2,
      "best_merit": 4.0,
      "best_sequence": "1011",
      "total_time_s": 0.002640247344970703,
      "samples_or_generations": 100,
      "throughput": 37875.23929925953,
      "population_mean_energy": 5.88,
      "population_min_energy": 2,
      "population_max_energy": 14,
      "initial_population_energies": [
        2,
        2,
        2,
        2,
        2,
        2,
        14,
        6,
        2,
        2,
        6,
        2,
        2,
        14,
        2,
        14,
        6,
        14,
        14,
        2,
        14,
        2,
        14,
        14,
        2,
        2,
        14,
        14,
        2,
        6,
        14,
        6,
        2,
        14,
        14,
        2,
        2,
        2,
        2,
        14,
        6,
        14,
        6,
        2,
        14,
        2,
        2,
        2,
        2,
        6,
        2,
        2,
        2,
        14,
        14,
        6,
        2,
        6,
        14,
        2,
        14,
        2,
        2,
        2,
        6,
        2,
        2,
        6,
        2,
        14,
        2,
        2,
        2,
        2,
        6,
        2,
        2,
        2,
        6,
        2,
        2,
        6,
        6,
        2,
        6,
        14,
        2,
        14,
        6,
        6,
        6,
        6,
        6,
        2,
        14,
        2,
        2,
        14,
        2,
        2
      ],
      "final_population_energies": [
        2,
        2,
        2,
        2,
        2,
        2,
        14,
        6,
        2,
        2,
        6,
        2,
        2,
        14,
        2,
        14,
        6,
        14,
        14,
        2,
        14,
        2,
        14,
        14,
        2,
        2,
        14,
        14,
        2,
        6,
        14,
        6,
        2,
        14,
        14,
        2,
        2,
        2,
        2,
        14,
        6,
        14,
        6,
        2,
        14,
        2,
        2,
        2,
        2,
        6,
        2,
        2,
        2,
        14,
        14,
        6,
        2,
        6,
        14,
        2,
        14,
        2,
        2,
        2,
        6,
        2,
        2,
        6,
        2,
        14,
        2,
        2,
        2,
        2,
        6,
        2,
        2,
        2,
        6,
        2,
        2,
        6,
        6,
        2,
        6,
        14,
        2,
        14,
        6,
        6,
        6,
        6,
        6,
        2,
        14,
        2,
        2,
        14,
        2,
        2
      ],
      "additional_metrics": null
    },
    {
      "method_name": "Classical MTS",
      "best_energy": 2,
      "best_merit": 4.0,
      "best_sequence": "1011",
      "total_time_s": 0.09494423866271973,
      "samples_or_generations": 20,
      "throughput": 210.64995919392302,
      "population_mean_energy": 4.0,
      "population_min_energy": 2,
      "population_max_energy": 14,
      "initial_population_energies": [
        2,
        2,
        2,
        2,
        2,
        2,
        14,
        6,
        2,
        2,
        6,
        2,
        2,
        14,
        2,
        14,
        6,
        14,
        14,
        2,
        14,
        2,
        14,
        14,
        2,
        2,
        14,
        14,
        2,
        6
      ],
      "final_population_energies": [
        2,
        2,
        2,
        2,
        2,
        2,
        14,
        2,
        2,
        2,
        6,
        2,
        2,
        14,
        2,
        14,
        6,
        2,
        2,
        2,
        14,
        2,
        2,
        2,
        2,
        2,
        2,
        2,
        2,
        6
      ],
      "additional_metrics": null
    },
    {
      "method_name": "QE-MTS (Image H)",
      "best_energy": 2,
      "best_merit": 4.0,
      "best_sequence": "0111",
      "total_time_s": 0.2196195125579834,
      "samples_or_generations": 20,
      "throughput": 91.06658951681104,
      "population_mean_energy": 3.3333333333333335,
      "population_min_energy": 2,
      "population_max_energy": 14,
      "initial_population_energies": [
        2,
        14,
        14,
        14,
        14,
        14,
        6,
        6,
        6,
        6,
        2,
        2,
        2,
        6,
        6,
        6,
        6,
        6,
        6,
        6,
        6,
        2,
        2,
        2,
        2,
        2,
        2,
        2,
        2,
        2
      ],
      "final_population_energies": [
        2,
        2,
        2,
        14,
        2,
        14,
        2,
        6,
        2,
        6,
        2,
        2,
        2,
        2,
        6,
        2,
        2,
        6,
        2,
        2,
        2,
        2,
        2,
        2,
        2,
        2,
        2,
        2,
        2,
        2
      ],
      "additional_metrics": {
        "quantum_sampling_time_s": 0.20794463157653809,
        "mts_time_s": 0.011673927307128906,
        "quantum_initial_mean_energy": 6.36,
        "quantum_initial_min_energy": 2,
        "n_unique_quantum_states": 14,
        "circuit_execution_time_s": 0.03706240653991699
      }
    },
    {
      "method_name": "QE-MTS (LABS H)",
      "best_energy": 2,
      "best_merit": 4.0,
      "best_sequence": "1101",
      "total_time_s": 0.014563560485839844,
      "samples_or_generations": 20,
      "throughput": 1373.2905507170453,
      "population_mean_energy": 4.933333333333334,
      "population_min_energy": 2,
      "population_max_energy": 14,
      "initial_population_energies": [
        2,
        2,
        2,
        14,
        14,
        14,
        14,
        14,
        14,
        14,
        14,
        14,
        14,
        14,
        14,
        6,
        6,
        6,
        6,
        6,
        6,
        6,
        6,
        6,
        6,
        2,
        2,
        2,
        2,
        2
      ],
      "final_population_energies": [
        2,
        2,
        2,
        2,
        2,
        14,
        14,
        2,
        2,
        14,
        2,
        14,
        2,
        14,
        2,
        6,
        6,
        6,
        6,
        6,
        2,
        6,
        2,
        6,
        2,
        2,
        2,
        2,
        2,
        2
      ],
      "additional_metrics": {
        "quantum_sampling_time_s": 0.0029764175415039062,
        "mts_time_s": 0.011586189270019531,
        "quantum_initial_mean_energy": 8.44,
        "quantum_initial_min_energy": 2,
        "n_unique_quantum_states": 14,
        "circuit_execution_time_s": 0.0018672943115234375
      }
    }
  ]
}