{
  "config": {
    "N": 30,
    "population_size": 30,
    "max_generations": 20,
    "n_shots": 400,
    "trotter_steps": 3,
    "total_time": 2.0,
    "p_combine": 0.9,
    "seed": 42,
    "timestamp": "20260201_095831",
    "gpu_available": true
  },
  "results": [
    {
      "method_name": "Random Search",
      "best_energy": 171,
      "best_merit": 2.6315789473684212,
      "best_sequence": "010111111011100101101001101110",
      "total_time_s": 0.05287051200866699,
      "samples_or_generations": 400,
      "throughput": 7565.653987508737,
      "population_mean_energy": 430.22,
      "population_min_energy": 171,
      "population_max_energy": 1811,
      "initial_population_energies": [
        683,
        299,
        283,
        843,
        235,
        251,
        315,
        507,
        235,
        299,
        379,
        667,
        363,
        379,
        387,
        939,
        603,
        243,
        299,
        435,
        339,
        459,
        507,
        323,
        171,
        371,
        203,
        347,
        347,
        291,
        627,
        563,
        667,
        571,
        355,
        339,
        243,
        547,
        507,
        403,
        379,
        307,
        299,
        339,
        483,
        299,
        355,
        411,
        811,
        387,
        291,
        507,
        323,
        1683,
        323,
        363,
        379,
        323,
        811,
        259,
        323,
        467,
        347,
        347,
        363,
        467,
        307,
        483,
        299,
        435,
        451,
        403,
        331,
        259,
        371,
        291,
        259,
        379,
        459,
        387,
        699,
        403,
        379,
        371,
        251,
        331,
        323,
        1371,
        275,
        675,
        403,
        339,
        347,
        579,
        403,
        251,
        411,
        459,
        475,
        603,
        299,
        779,
        411,
        491,
        235,
        435,
        363,
        395,
        515,
        515,
        243,
        443,
        459,
        347,
        355,
        363,
        307,
        531,
        251,
        659,
        531,
        379,
        275,
        267,
        571,
        371,
        267,
        283,
        283,
        363,
        387,
        283,
        699,
        283,
        227,
        539,
        443,
        339,
        395,
        595,
        371,
        571,
        523,
        691,
        355,
        387,
        299,
        1163,
        307,
        243,
        475,
        475,
        419,
        291,
        203,
        251,
        403,
        187,
        347,
        347,
        235,
        307,
        403,
        651,
        419,
        363,
        467,
        235,
        315,
        379,
        251,
        579,
        803,
        315,
        699,
        323,
        203,
        579,
        211,
        291,
        747,
        299,
        395,
        987,
        427,
        563,
        475,
        219,
        347,
        459,
        355,
        483,
        299,
        363,
        387,
        867,
        347,
        315,
        451,
        307,
        419,
        931,
        603,
        659,
        435,
        187,
        355,
        627,
        315,
        459,
        323,
        467,
        291,
        571,
        707,
        331,
        499,
        763,
        275,
        475,
        259,
        371,
        235,
        363,
        323,
        419,
        419,
        427,
        451,
        203,
        347,
        723,
        603,
        507,
        323,
        323,
        331,
        387,
        235,
        203,
        515,
        331,
        491,
        339,
        363,
        459,
        299,
        267,
        467,
        467,
        363,
        1051,
        331,
        443,
        659,
        667,
        483,
        595,
        219,
        475,
        499,
        251,
        243,
        323,
        443,
        475,
        427,
        387,
        523,
        531,
        387,
        291,
        523,
        467,
        699,
        323,
        515,
        587,
        379,
        395,
        371,
        483,
        403,
        387,
        363,
        347,
        283,
        539,
        555,
        563,
        523,
        387,
        283,
        587,
        323,
        235,
        275,
        731,
        379,
        419,
        259,
        395,
        331,
        475,
        667,
        331,
        739,
        435,
        363,
        451,
        355,
        267,
        307,
        315,
        371,
        563,
        475,
        315,
        339,
        619,
        363,
        339,
        435,
        491,
        291,
        435,
        707,
        339,
        539,
        483,
        611,
        579,
        523,
        547,
        507,
        475,
        235,
        355,
        299,
        435,
        403,
        275,
        315,
        411,
        299,
        315,
        299,
        323,
        339,
        339,
        667,
        315,
        371,
        355,
        507,
        555,
        827,
        627,
        547,
        507,
        459,
        339,
        355,
        371,
        363,
        595,
        411,
        523,
        403,
        731,
        347,
        259,
        427,
        507,
        483,
        307,
        235,
        251,
        275,
        459,
        283,
        291,
        443,
        387,
        611,
        387,
        491,
        379,
        299,
        387,
        451,
        355,
        571,
        499,
        379,
        1811,
        635,
        419,
        443,
        443
      ],