{
  "config": {
    "N": 20,
    "population_size": 30,
    "max_generations": 20,
    "n_shots": 100,
    "trotter_steps": 3,
    "total_time": 2.0,
    "p_combine": 0.9,
    "seed": 42,
    "timestamp": "20260201_094856",
    "gpu_available": true
  },
  "results": [
    {
      "method_name": "Random Search",
      "best_energy": 54,
      "best_merit": 3.7037037037037037,
      "best_sequence": "11000110010010111111",
      "total_time_s": 0.009450674057006836,
      "samples_or_generations": 100,
      "throughput": 10581.255833900956,
      "population_mean_energy": 179.28,
      "population_min_energy": 54,
      "population_max_energy": 1030,
      "initial_population_energies": [
        170,
        130,
        98,
        74,
        254,
        182,
        106,
        134,
        186,
        110,
        114,
        126,
        194,
        194,
        102,
        142,
        214,
        178,
        122,
        230,
        154,
        150,
        90,
        1030,
        266,
        290,
        198,
        294,
        74,
        94,
        170,
        222,
        114,
        110,
        126,
        118,
        98,
        158,
        170,
        54,
        126,
        242,
        102,
        234,
        122,
        214,
        74,
        222,
        102,
        430,
        254,
        210,
        206,
        186,
        86,
        126,
        190,
        194,
        266,
        114,
        178,
        390,
        70,
        82,
        306,
        134,
        130,
        202,
        150,
        170,
        206,
        114,
        186,
        106,
        234,
        210,
        138,
        206,
        110,
        122,
        530,
        146,
        234,
        166,
        202,
        250,
        134,
        222,
        94,
        126,
        142,
        110,
        230,
        190,
        198,
        202,
        158,
        146,
        106,
        158
      ],
      "final_population_energies": [
        170,
        130,
        98,
        74,
        254,
        182,
        106,
        134,
        186,
        110,
        114,
        126,
        194,
        194,
        102,
        142,
        214,
        178,
        122,
        230,
        154,
        150,
        90,
        1030,
        266,
        290,
        198,
        294,
        74,
        94,
        170,
        222,
        114,
        110,
        126,
        118,
        98,
        158,
        170,
        54,
        126,
        242,
        102,
        234,
        122,
        214,
        74,
        222,
        102,
        430,
        254,
        210,
        206,
        186,
        86,
        126,
        190,
        194,
        266,
        114,
        178,
        390,
        70,
        82,
        306,
        134,
        130,
        202,
        150,
        170,
        206,
        114,
        186,
        106,
        234,
        210,
        138,
        206,
        110,
        122,
        530,
        146,
        234,
        166,
        202,
        250,
        134,
        222,
        94,
        126,
        142,
        110,
        230,
        190,
        198,
        202,
        158,
        146,
        106,
        158
      ],
      "additional_metrics": null
    },
    {
      "method_name": "Classical MTS",
      "best_energy": 34,
      "best_merit": 5.882352941176471,
      "best_sequence": "11001100101101011111",
      "total_time_s": 0.1236581802368164,
      "samples_or_generations": 20,
      "throughput": 161.7361662746308,
      "population_mean_energy": 130.13333333333333,
      "population_min_energy": 34,
      "population_max_energy": 1030,
      "initial_population_energies": [
        170,
        130,
        98,
        74,
        254,
        182,
        106,
        134,
        186,
        110,
        114,
        126,
        194,
        194,
        102,
        142,
        214,
        178,
        122,
        230,
        154,
        150,
        90,
        1030,
        266,
        290,
        198,
        294,
        74,
        94
      ],
      "final_population_energies": [
        46,
        38,
        42,
        50,
        254,
        182,
        50,
        34,
        186,
        50,
        114,
        126,
        58,
        194,
        102,
        50,
        214,
        50,
        54,
        230,
        58,
        46,
        90,
        1030,
        266,
        42,
        38,
        42,
        74,
        94
      ],
      "additional_metrics": null
    },
    {
      "method_name": "QE-MTS (Image H)",
      "best_energy": 34,
      "best_merit": 5.882352941176471,
      "best_sequence": "11000011101110101101",
      "total_time_s": 4.937694787979126,
      "samples_or_generations": 20,
      "throughput": 4.050473117271288,
      "population_mean_energy": 129.73333333333332,
      "population_min_energy": 38,
      "population_max_energy": 414,
      "initial_population_energies": [
        158,
        90,
        118,
        214,
        82,
        154,
        358,
        414,
        198,
        142,
        222,
        94,
        134,
        258,
        190,
        246,
        146,
        90,
        182,
        106,
        134,
        278,
        118,
        134,
        126,
        98,
        130,
        98,
        114,
        114
      ],
      "final_population_energies": [
        38,
        90,
        118,
        214,
        90,
        154,
        50,
        414,
        134,
        142,
        126,
        54,
        134,
        258,
        190,
        102,
        46,
        90,
        182,
        106,
        134,
        278,
        94,
        134,
        126,
        50,
        78,
        98,
        54,
        114
      ],
      "additional_metrics": {
        "quantum_sampling_time_s": 4.62571120262146,
        "mts_time_s": 0.3119821548461914,
        "quantum_initial_mean_energy": 193.12,
        "quantum_initial_min_energy": 78,
        "n_unique_quantum_states": 100,
        "circuit_execution_time_s": 0.7091395854949951
      }
    },
    {
      "method_name": "QE-MTS (LABS H)",
      "best_energy": 34,
      "best_merit": 5.882352941176471,
      "best_sequence": "01111100010001010010",
      "total_time_s": 0.9260764122009277,
      "samples_or_generations": 20,
      "throughput": 21.5964900266358,
      "population_mean_energy": 95.6,
      "population_min_energy": 34,
      "population_max_energy": 258,
      "initial_population_energies": [
        178,
        298,
        270,
        182,
        74,
        214,
        142,
        162,
        186,
        150,
        150,
        134,
        166,
        214,
        226,
        222,
        130,
        106,
        150,
        130,
        258,
        198,
        150,
        266,
        86,
        130,
        238,
        150,
        202,
        222
      ],
      "final_population_energies": [
        34,
        54,
        50,
        50,
        74,
        54,
        142,
        46,
        50,
        150,
        150,
        34,
        42,
        46,
        46,
        46,
        130,
        42,
        150,
        54,
        258,
        198,
        150,
        50,
        86,
        46,
        238,
        150,
        202,
        46
      ],
      "additional_metrics": {
        "quantum_sampling_time_s": 0.8975470066070557,
        "mts_time_s": 0.028528451919555664,
        "quantum_initial_mean_energy": 183.08,
        "quantum_initial_min_energy": 74,
        "n_unique_quantum_states": 99,
        "circuit_execution_time_s": 0.8859920501708984
      }
    }
  ]
}