{
  "config": {
    "N": 20,
    "population_size": 100,
    "max_generations": 1000,
    "n_shots": 10,
    "trotter_steps": 10,
    "total_time": 2.0,
    "p_combine": 0.9,
    "seed": 42,
    "timestamp": "20260201_104248",
    "gpu_available": true
  },
  "results": [
    {
      "method_name": "Random Search",
      "best_energy": 74,
      "best_merit": 2.7027027027027026,
      "best_sequence": "11111001000010100010",
      "total_time_s": 0.0011131763458251953,
      "samples_or_generations": 10,
      "throughput": 8983.302634397087,
      "population_mean_energy": 144.4,
      "population_min_energy": 74,
      "population_max_energy": 254,
      "initial_population_energies": [
        170,
        130,
        98,
        74,
        254,
        182,
        106,
        134,
        186,
        110
      ],
      "final_population_energies": [
        170,
        130,
        98,
        74,
        254,
        182,
        106,
        134,
        186,
        110
      ],
      "additional_metrics": null
    },
    {
      "method_name": "Classical MTS",
      "best_energy": 26,
      "best_merit": 7.6923076923076925,
      "best_sequence": "10011100101110100000",
      "total_time_s": 1.6502761840820312,
      "samples_or_generations": 1000,
      "throughput": 605.9591780125286,
      "population_mean_energy": 44.44,
      "population_min_energy": 34,
      "population_max_energy": 62,
      "initial_population_energies": [
        170,
        130,
        98,
        74,
        254,
        182,
        106,
        134,
        186,
        110,
        114,
        126,
        194,
        194,
        102,
        142,
        214,
        178,
        122,
        230,
        154,
        150,
        90,
        1030,
        266,
        290,
        198,
        294,
        74,
        94,
        170,
        222,
        114,
        110,
        126,
        118,
        98,
        158,
        170,
        54,
        126,
        242,
        102,
        234,
        122,
        214,
        74,
        222,
        102,
        430,
        254,
        210,
        206,
        186,
        86,
        126,
        190,
        194,
        266,
        114,
        178,
        390,
        70,
        82,
        306,
        134,
        130,
        202,
        150,
        170,
        206,
        114,
        186,
        106,
        234,
        210,
        138,
        206,
        110,
        122,
        530,
        146,
        234,
        166,
        202,
        250,
        134,
        222,
        94,
        126,
        142,
        110,
        230,
        190,
        198,
        202,
        158,
        146,
        106,
        158
      ],
      "final_population_energies": [
        46,
        38,
        42,
        42,
        46,
        42,
        38,
        42,
        34,
        50,
        46,
        50,
        38,
        46,
        54,
        54,
        34,
        42,
        42,
        42,
        42,
        50,
        34,
        42,
        46,
        42,
        34,
        50,
        50,
        50,
        54,
        50,
        50,
        38,
        42,
        38,
        50,
        42,
        42,
        50,
        50,
        34,
        42,
        38,
        34,
        50,
        46,
        50,
        50,
        50,
        58,
        34,
        34,
        54,
        46,
        54,
        46,
        42,
        50,
        34,
        46,
        42,
        46,
        38,
        50,
        34,
        50,
        42,
        46,
        46,
        38,
        46,
        46,
        42,
        50,
        50,
        54,
        50,
        62,
        38,
        42,
        34,
        50,
        46,
        42,
        50,
        58,
        50,
        34,
        46,
        46,
        46,
        34,
        34,
        34,
        50,
        42,
        34,
        46,
        50
      ],
      "additional_metrics": null
    },
    {
      "method_name": "QE-MTS (Image H)",
      "best_energy": 26,
      "best_merit": 7.6923076923076925,
      "best_sequence": "11100011010001011111",
      "total_time_s": 33.80039858818054,
      "samples_or_generations": 1000,
      "throughput": 29.58544992867877,
      "population_mean_energy": 80.44,
      "population_min_energy": 34,
      "population_max_energy": 210,
      "initial_population_energies": [
        166,
        94,
        106,
        134,
        342,
        234,
        178,
        186,
        162,
        138
      ],
      "final_population_energies": [
        42,
        150,
        46,
        90,
        70,
        54,
        126,
        134,
        54,
        66,
        38,
        50,
        42,
        58,
        106,
        42,
        70,
        42,
        82,
        62,
        94,
        126,
        114,
        74,
        50,
        74,
        42,
        46,
        114,
        114,
        54,
        42,
        54,
        46,
        94,
        122,
        70,
        38,
        46,
        54,
        54,
        114,
        94,
        94,
        90,
        102,
        54,
        54,
        150,
        42,
        194,
        50,
        42,
        50,
        42,
        86,
        102,
        202,
        210,
        78,
        46,
        42,
        78,
        54,
        78,
        74,
        46,
        114,
        102,
        146,
        46,
        42,
        110,
        54,
        94,
        106,
        70,
        46,
        42,
        102,
        50,
        210,
        102,
        202,
        102,
        102,
        50,
        42,
        114,
        114,
        74,
        42,
        70,
        46,
        34,
        102,
        86,
        42,
        50,
        122
      ],
      "additional_metrics": {
        "quantum_sampling_time_s": 32.50703287124634,
        "mts_time_s": 1.2933647632598877,
        "quantum_initial_mean_energy": 174.0,
        "quantum_initial_min_energy": 94,
        "n_unique_quantum_states": 10,
        "circuit_execution_time_s": 3.417208433151245
      }
    },
    {
      "method_name": "QE-MTS (LABS H)",
      "best_energy": 26,
      "best_merit": 7.6923076923076925,
      "best_sequence": "11001001111011110101",
      "total_time_s": 4.102752447128296,
      "samples_or_generations": 1000,
      "throughput": 243.73881019800396,
      "population_mean_energy": 45.28,
      "population_min_energy": 26,
      "population_max_energy": 62,
      "initial_population_energies": [
        222,
        598,
        170,
        122,
        202,
        242,
        202,
        258,
        518,
        162
      ],