{
  "config": {
    "N": 4,
    "population_size": 30,
    "max_generations": 20,
    "n_shots": 100,
    "trotter_steps": 3,
    "total_time": 2.0,
    "p_combine": 0.9,
    "seed": 42,
    "timestamp": "20260201_093315",
    "gpu_available": true
  },
  "results": [
    {
      "method_name": "Random Search",
      "best_energy": 2,
      "best_merit": 4.0,
      "best_sequence": "1011",
      "total_time_s": 0.0026557445526123047,
      "samples_or_generations": 100,
      "throughput": 37654.22389801598,
      "population_mean_energy": 5.88,
      "population_min_energy": 2,
      "population_max_energy": 14,
      "initial_population_energies": [
        2,
        2,
        2,
        2,
        2,
        2,
        14,
        6,
        2,
        2,
        6,
        2,
        2,
        14,
        2,
        14,
        6,
        14,
        14,
        2,
        14,
        2,
        14,
        14,
        2,
        2,
        14,
        14,
        2,
        6,
        14,
        6,
        2,
        14,
        14,
        2,
        2,
        2,
        2,
        14,
        6,
        14,
        6,
        2,
        14,
        2,
        2,
        2,
        2,
        6,
        2,
        2,
        2,
        14,
        14,
        6,
        2,
        6,
        14,
        2,
        14,
        2,
        2,
        2,
        6,
        2,
        2,
        6,
        2,
        14,
        2,
        2,
        2,
        2,
        6,
        2,
        2,
        2,
        6,
        2,
        2,
        6,
        6,
        2,
        6,
        14,
        2,
        14,
        6,
        6,
        6,
        6,
        6,
        2,
        14,
        2,
        2,
        14,
        2,
        2
      ],
      "final_population_energies": [
        2,
        2,
        2,
        2,
        2,
        2,
        14,
        6,
        2,
        2,
        6,
        2,
        2,
        14,
        2,
        14,
        6,
        14,
        14,
        2,
        14,
        2,
        14,
        14,
        2,
        2,
        14,
        14,
        2,
        6,
        14,
        6,
        2,
        14,
        14,
        2,
        2,
        2,
        2,
        14,
        6,
        14,
        6,
        2,
        14,
        2,
        2,
        2,
        2,
        6,
        2,
        2,
        2,
        14,
        14,
        6,
        2,
        6,
        14,
        2,
        14,
        2,
        2,
        2,
        6,
        2,
        2,
        6,
        2,
        14,
        2,
        2,
        2,
        2,
        6,
        2,
        2,
        2,
        6,
        2,
        2,
        6,
        6,
        2,
        6,
        14,
        2,
        14,
        6,
        6,
        6,
        6,
        6,
        2,
        14,
        2,
        2,
        14,
        2,
        2
      ],
      "additional_metrics": null
    },
    {
      "method_name": "Classical MTS",
      "best_energy": 2,
      "best_merit": 4.0,
      "best_sequence": "1011",
      "total_time_s": 0.09489107131958008,
      "samples_or_generations": 20,
      "throughput": 210.76798609052216,
      "population_mean_energy": 4.533333333333333,
      "population_min_energy": 2,
      "population_max_energy": 14,
      "initial_population_energies": [
        2,
        2,
        2,
        2,
        2,
        2,
        14,
        6,
        2,
        2,
        6,
        2,
        2,
        14,
        2,
        14,
        6,
        14,
        14,
        2,
        14,
        2,
        14,
        14,
        2,
        2,
        14,
        14,
        2,
        6
      ],
      "final_population_energies": [
        2,
        2,
        2,
        2,
        2,
        2,
        14,
        2,
        2,
        2,
        2,
        2,
        2,
        14,
        2,
        14,
        2,
        2,
        14,
        2,
        14,
        2,
        2,
        2,
        2,
        2,
        2,
        14,
        2,
        6
      ],
      "additional_metrics": null
    },
    {
      "method_name": "QE-MTS (Image H)",
      "best_energy": 2,
      "best_merit": 4.0,
      "best_sequence": "1110",
      "total_time_s": 0.24334239959716797,
      "samples_or_generations": 20,
      "throughput": 82.18871858380722,
      "population_mean_energy": 2.8,
      "population_min_energy": 2,
      "population_max_energy": 6,
      "initial_population_energies": [
        6,
        6,
        6,
        6,
        6,
        6,
        6,
        6,
        6,
        6,
        6,
        6,
        6,
        6,
        6,
        6,
        2,
        2,
        2,
        2,
        2,
        2,
        2,
        2,
        2,
        2,
        2,
        2,
        2,
        2
      ],
      "final_population_energies": [
        6,
        6,
        2,
        6,
        2,
        2,
        2,
        2,
        6,
        2,
        2,
        2,
        6,
        2,
        2,
        6,
        2,
        2,
        2,
        2,
        2,
        2,
        2,
        2,
        2,
        2,
        2,
        2,
        2,
        2
      ],
      "additional_metrics": {
        "quantum_sampling_time_s": 0.23072123527526855,
        "mts_time_s": 0.012619733810424805,
        "quantum_initial_mean_energy": 3.24,
        "quantum_initial_min_energy": 2,
        "n_unique_quantum_states": 4,
        "circuit_execution_time_s": 0.03908538818359375
      }
    },
    {
      "method_name": "QE-MTS (LABS H)",
      "best_energy": 2,
      "best_merit": 4.0,
      "best_sequence": "1110",
      "total_time_s": 0.014688253402709961,
      "samples_or_generations": 20,
      "throughput": 1361.6322820458713,
      "population_mean_energy": 2.533333333333333,
      "population_min_energy": 2,
      "population_max_energy": 6,
      "initial_population_energies": [
        6,
        6,
        6,
        6,
        2,
        2,
        2,
        2,
        2,
        2,
        2,
        2,
        2,
        2,
        2,
        2,
        2,
        2,
        2,
        2,
        2,
        2,
        2,
        2,
        2,
        2,
        2,
        2,
        2,
        2
      ],
      "final_population_energies": [
        6,
        6,
        6,
        6,
        2,
        2,
        2,
        2,
        2,
        2,
        2,
        2,
        2,
        2,
        2,
        2,
        2,
        2,
        2,
        2,
        2,
        2,
        2,
        2,
        2,
        2,
        2,
        2,
        2,
        2
      ],
      "additional_metrics": {
        "quantum_sampling_time_s": 0.0023131370544433594,
        "mts_time_s": 0.01237344741821289,
        "quantum_initial_mean_energy": 6.12,
        "quantum_initial_min_energy": 2,
        "n_unique_quantum_states": 4,
        "circuit_execution_time_s": 0.001317739486694336
      }
    }
  ]
}