{
  "config": {
    "N": 4,
    "population_size": 30,
    "max_generations": 20,
    "n_shots": 100,
    "trotter_steps": 3,
    "total_time": 2.0,
    "p_combine": 0.9,
    "seed": 42,
    "timestamp": "20260201_090236",
    "gpu_available": true
  },
  "results": [
    {
      "method_name": "Random Search",
      "best_energy": 2,
      "best_merit": 4.0,
      "best_sequence": "1011",
      "total_time_s": 0.0025849342346191406,
      "samples_or_generations": 100,
      "throughput": 38685.70374469655,
      "population_mean_energy": 5.88,
      "population_min_energy": 2,
      "population_max_energy": 14,
      "initial_population_energies": [
        2,
        2,
        2,
        2,
        2,
        2,
        14,
        6,
        2,
        2,
        6,
        2,
        2,
        14,
        2,
        14,
        6,
        14,
        14,
        2,
        14,
        2,
        14,
        14,
        2,
        2,
        14,
        14,
        2,
        6,
        14,
        6,
        2,
        14,
        14,
        2,
        2,
        2,
        2,
        14,
        6,
        14,
        6,
        2,
        14,
        2,
        2,
        2,
        2,
        6,
        2,
        2,
        2,
        14,
        14,
        6,
        2,
        6,
        14,
        2,
        14,
        2,
        2,
        2,
        6,
        2,
        2,
        6,
        2,
        14,
        2,
        2,
        2,
        2,
        6,
        2,
        2,
        2,
        6,
        2,
        2,
        6,
        6,
        2,
        6,
        14,
        2,
        14,
        6,
        6,
        6,
        6,
        6,
        2,
        14,
        2,
        2,
        14,
        2,
        2
      ],
      "final_population_energies": [
        2,
        2,
        2,
        2,
        2,
        2,
        14,
        6,
        2,
        2,
        6,
        2,
        2,
        14,
        2,
        14,
        6,
        14,
        14,
        2,
        14,
        2,
        14,
        14,
        2,
        2,
        14,
        14,
        2,
        6,
        14,
        6,
        2,
        14,
        14,
        2,
        2,
        2,
        2,
        14,
        6,
        14,
        6,
        2,
        14,
        2,
        2,
        2,
        2,
        6,
        2,
        2,
        2,
        14,
        14,
        6,
        2,
        6,
        14,
        2,
        14,
        2,
        2,
        2,
        6,
        2,
        2,
        6,
        2,
        14,
        2,
        2,
        2,
        2,
        6,
        2,
        2,
        2,
        6,
        2,
        2,
        6,
        6,
        2,
        6,
        14,
        2,
        14,
        6,
        6,
        6,
        6,
        6,
        2,
        14,
        2,
        2,
        14,
        2,
        2
      ],
      "additional_metrics": null
    },
    {
      "method_name": "Classical MTS",
      "best_energy": 2,
      "best_merit": 4.0,
      "best_sequence": "1011",
      "total_time_s": 0.09457612037658691,
      "samples_or_generations": 20,
      "throughput": 211.4698712567529,
      "population_mean_energy": 4.133333333333334,
      "population_min_energy": 2,
      "population_max_energy": 14,
      "initial_population_energies": [
        2,
        2,
        2,
        2,
        2,
        2,
        14,
        6,
        2,
        2,
        6,
        2,
        2,
        14,
        2,
        14,
        6,
        14,
        14,
        2,
        14,
        2,
        14,
        14,
        2,
        2,
        14,
        14,
        2,
        6
      ],
      "final_population_energies": [
        2,
        2,
        2,
        2,
        2,
        2,
        14,
        6,
        2,
        2,
        2,
        2,
        2,
        2,
        2,
        14,
        2,
        14,
        14,
        2,
        2,
        2,
        2,
        2,
        2,
        2,
        2,
        14,
        2,
        2
      ],
      "additional_metrics": null
    },
    {
      "method_name": "QE-MTS (Image H)",
      "best_energy": 2,
      "best_merit": 4.0,
      "best_sequence": "0111",
      "total_time_s": 0.23678946495056152,
      "samples_or_generations": 20,
      "throughput": 84.46321716287392,
      "population_mean_energy": 4.133333333333334,
      "population_min_energy": 2,
      "population_max_energy": 14,
      "initial_population_energies": [
        14,
        14,
        14,
        14,
        14,
        14,
        14,
        2,
        2,
        2,
        14,
        14,
        14,
        6,
        2,
        2,
        2,
        2,
        2,
        2,
        2,
        2,
        2,
        2,
        2,
        2,
        2,
        2,
        2,
        2
      ],
      "final_population_energies": [
        2,
        14,
        14,
        2,
        14,
        14,
        2,
        2,
        2,
        2,
        2,
        2,
        14,
        6,
        2,
        2,
        2,
        2,
        2,
        2,
        2,
        2,
        2,
        2,
        2,
        2,
        2,
        2,
        2,
        2
      ],
      "additional_metrics": {
        "quantum_sampling_time_s": 0.22400784492492676,
        "mts_time_s": 0.012780427932739258,
        "quantum_initial_mean_energy": 4.92,
        "quantum_initial_min_energy": 2,
        "n_unique_quantum_states": 14,
        "circuit_execution_time_s": 0.03945207595825195
      }
    },
    {
      "method_name": "QE-MTS (LABS H)",
      "best_energy": 2,
      "best_merit": 4.0,
      "best_sequence": "0001",
      "total_time_s": 0.01589035987854004,
      "samples_or_generations": 20,
      "throughput": 1258.6247355549222,
      "population_mean_energy": 5.6,
      "population_min_energy": 2,
      "population_max_energy": 14,
      "initial_population_energies": [
        14,
        14,
        14,
        14,
        14,
        14,
        14,
        14,
        14,
        14,
        14,
        14,
        14,
        14,
        14,
        14,
        2,
        2,
        2,
        2,
        2,
        2,
        2,
        2,
        2,
        2,
        2,
        2,
        2,
        2
      ],
      "final_population_energies": [
        14,
        14,
        14,
        2,
        2,
        14,
        14,
        2,
        14,
        2,
        2,
        14,
        14,
        2,
        14,
        2,
        2,
        2,
        2,
        2,
        2,
        2,
        2,
        2,
        2,
        2,
        2,
        2,
        2,
        2
      ],
      "additional_metrics": {
        "quantum_sampling_time_s": 0.0032205581665039062,
        "mts_time_s": 0.012668609619140625,
        "quantum_initial_mean_energy": 6.68,
        "quantum_initial_min_energy": 2,
        "n_unique_quantum_states": 16,
        "circuit_execution_time_s": 0.00201416015625
      }
    }
  ]
}