{
  "config": {
    "N": 15,
    "population_size": 30,
    "max_generations": 20,
    "n_shots": 100,
    "trotter_steps": 3,
    "total_time": 2.0,
    "p_combine": 0.9,
    "seed": 42,
    "timestamp": "20260201_084626",
    "gpu_available": true
  },
  "results": [
    {
      "method_name": "Random Search",
      "best_energy": 23,
      "best_merit": 4.891304347826087,
      "best_sequence": "000011001101010",
      "total_time_s": 0.007189273834228516,
      "samples_or_generations": 100,
      "throughput": 13909.610665251708,
      "population_mean_energy": 100.04,
      "population_min_energy": 23,
      "population_max_energy": 507,
      "initial_population_energies": [
        75,
        139,
        131,
        59,
        75,
        87,
        259,
        147,
        35,
        87,
        55,
        43,
        127,
        55,
        79,
        75,
        127,
        127,
        131,
        79,
        75,
        107,
        75,
        171,
        87,
        43,
        123,
        87,
        127,
        79,
        23,
        335,
        111,
        79,
        103,
        115,
        259,
        147,
        83,
        71,
        127,
        83,
        59,
        55,
        55,
        91,
        79,
        59,
        51,
        63,
        43,
        171,
        55,
        55,
        47,
        147,
        75,
        91,
        71,
        155,
        235,
        167,
        83,
        91,
        31,
        507,
        75,
        159,
        91,
        79,
        95,
        43,
        59,
        131,
        83,
        99,
        107,
        103,
        151,
        75,
        99,
        47,
        75,
        63,
        39,
        135,
        59,
        43,
        119,
        95,
        95,
        75,
        67,
        71,
        123,
        51,
        43,
        155,
        67,
        95
      ],
      "final_population_energies": [
        75,
        139,
        131,
        59,
        75,
        87,
        259,
        147,
        35,
        87,
        55,
        43,
        127,
        55,
        79,
        75,
        127,
        127,
        131,
        79,
        75,
        107,
        75,
        171,
        87,
        43,
        123,
        87,
        127,
        79,
        23,
        335,
        111,
        79,
        103,
        115,
        259,
        147,
        83,
        71,
        127,
        83,
        59,
        55,
        55,
        91,
        79,
        59,
        51,
        63,
        43,
        171,
        55,
        55,
        47,
        147,
        75,
        91,
        71,
        155,
        235,
        167,
        83,
        91,
        31,
        507,
        75,
        159,
        91,
        79,
        95,
        43,
        59,
        131,
        83,
        99,
        107,
        103,
        151,
        75,
        99,
        47,
        75,
        63,
        39,
        135,
        59,
        43,
        119,
        95,
        95,
        75,
        67,
        71,
        123,
        51,
        43,
        155,
        67,
        95
      ],
      "additional_metrics": null
    },
    {
      "method_name": "Classical MTS",
      "best_energy": 23,
      "best_merit": 4.891304347826087,
      "best_sequence": "111100110010101",
      "total_time_s": 0.1246025562286377,
      "samples_or_generations": 20,
      "throughput": 160.51035071304062,
      "population_mean_energy": 68.2,
      "population_min_energy": 23,
      "population_max_energy": 259,
      "initial_population_energies": [
        75,
        139,
        131,
        59,
        75,
        87,
        259,
        147,
        35,
        87,
        55,
        43,
        127,
        55,
        79,
        75,
        127,
        127,
        131,
        79,
        75,
        107,
        75,
        171,
        87,
        43,
        123,
        87,
        127,
        79
      ],
      "final_population_energies": [
        23,
        139,
        131,
        31,
        23,
        87,
        259,
        31,
        35,
        23,
        23,
        23,
        23,
        23,
        79,
        75,
        127,
        127,
        131,
        23,
        75,
        23,
        75,
        23,
        31,
        23,
        123,
        87,
        127,
        23
      ],
      "additional_metrics": null
    },
    {
      "method_name": "QE-MTS (Image H)",
      "best_energy": 15,
      "best_merit": 7.5,
      "best_sequence": "111000100010010",
      "total_time_s": 0.45652341842651367,
      "samples_or_generations": 20,
      "throughput": 43.80936265861987,
      "population_mean_energy": 70.2,
      "population_min_energy": 15,
      "population_max_energy": 319,
      "initial_population_energies": [
        59,
        119,
        115,
        191,
        47,
        79,
        223,
        167,
        159,
        83,
        75,
        71,
        67,
        79,
        131,
        319,
        131,
        59,
        63,
        139,
        127,
        63,
        103,
        103,
        103,
        71,
        111,
        67,
        71,
        71
      ],
      "final_population_energies": [
        59,
        119,
        115,
        23,
        23,
        23,
        31,
        167,
        159,
        31,
        35,
        23,
        23,
        79,
        23,
        319,
        131,
        23,
        63,
        23,
        127,
        23,
        103,
        103,
        103,
        15,
        23,
        23,
        23,
        71
      ],
      "additional_metrics": {
        "quantum_sampling_time_s": 0.42537879943847656,
        "mts_time_s": 0.0311431884765625,
        "quantum_initial_mean_energy": 104.16,
        "quantum_initial_min_energy": 23,
        "n_unique_quantum_states": 100,
        "circuit_execution_time_s": 0.41596269607543945
      }
    },
    {
      "method_name": "QE-MTS (LABS H)",
      "best_energy": 15,
      "best_merit": 7.5,
      "best_sequence": "010100110011111",
      "total_time_s": 0.2943131923675537,
      "samples_or_generations": 20,
      "throughput": 67.95481996275231,
      "population_mean_energy": 73.53333333333333,
      "population_min_energy": 15,
      "population_max_energy": 207,
      "initial_population_energies": [
        139,
        175,
        207,
        71,
        91,
        123,
        75,
        119,
        63,
        95,
        95,
        43,
        83,
        79,
        123,
        55,
        343,
        131,
        71,
        67,
        99,
        171,
        143,
        99,
        135,
        163,
        127,
        179,
        67,
        87
      ],
      "final_population_energies": [
        35,
        175,
        207,
        31,
        91,
        23,
        75,
        119,
        23,
        95,
        23,
        31,
        83,
        23,
        123,
        23,
        23,
        131,
        15,
        23,
        99,
        23,
        23,
        27,
        39,
        163,
        127,
        179,
        67,
        87
      ],
      "additional_metrics": {
        "quantum_sampling_time_s": 0.26338696479797363,
        "mts_time_s": 0.030925273895263672,
        "quantum_initial_mean_energy": 109.04,
        "quantum_initial_min_energy": 31,
        "n_unique_quantum_states": 99,
        "circuit_execution_time_s": 0.252424955368042
      }
    }
  ]
}