{
  "config": {
    "N": 12,
    "population_size": 30,
    "max_generations": 20,
    "n_shots": 100,
    "trotter_steps": 3,
    "total_time": 2.0,
    "p_combine": 0.9,
    "seed": 42,
    "timestamp": "20260201_093731",
    "gpu_available": true
  },
  "results": [
    {
      "method_name": "Random Search",
      "best_energy": 26,
      "best_merit": 2.769230769230769,
      "best_sequence": "001001010001",
      "total_time_s": 0.005972623825073242,
      "samples_or_generations": 100,
      "throughput": 16743.06015727915,
      "population_mean_energy": 73.56,
      "population_min_energy": 26,
      "population_max_energy": 506,
      "initial_population_energies": [
        86,
        46,
        46,
        106,
        42,
        82,
        206,
        102,
        90,
        142,
        38,
        102,
        46,
        82,
        38,
        78,
        50,
        66,
        38,
        62,
        74,
        34,
        50,
        66,
        34,
        38,
        82,
        54,
        46,
        66,
        122,
        26,
        34,
        38,
        46,
        78,
        54,
        38,
        122,
        506,
        98,
        90,
        114,
        26,
        42,
        98,
        62,
        38,
        26,
        38,
        78,
        54,
        38,
        66,
        38,
        54,
        46,
        82,
        102,
        46,
        46,
        162,
        30,
        46,
        54,
        54,
        98,
        26,
        122,
        50,
        54,
        58,
        146,
        50,
        110,
        158,
        126,
        34,
        26,
        142,
        34,
        94,
        286,
        42,
        66,
        114,
        34,
        106,
        26,
        50,
        74,
        26,
        46,
        90,
        54,
        70,
        46,
        38,
        42,
        34
      ],
      "final_population_energies": [
        86,
        46,
        46,
        106,
        42,
        82,
        206,
        102,
        90,
        142,
        38,
        102,
        46,
        82,
        38,
        78,
        50,
        66,
        38,
        62,
        74,
        34,
        50,
        66,
        34,
        38,
        82,
        54,
        46,
        66,
        122,
        26,
        34,
        38,
        46,
        78,
        54,
        38,
        122,
        506,
        98,
        90,
        114,
        26,
        42,
        98,
        62,
        38,
        26,
        38,
        78,
        54,
        38,
        66,
        38,
        54,
        46,
        82,
        102,
        46,
        46,
        162,
        30,
        46,
        54,
        54,
        98,
        26,
        122,
        50,
        54,
        58,
        146,
        50,
        110,
        158,
        126,
        34,
        26,
        142,
        34,
        94,
        286,
        42,
        66,
        114,
        34,
        106,
        26,
        50,
        74,
        26,
        46,
        90,
        54,
        70,
        46,
        38,
        42,
        34
      ],
      "additional_metrics": null
    },
    {
      "method_name": "Classical MTS",
      "best_energy": 10,
      "best_merit": 7.2,
      "best_sequence": "100110101111",
      "total_time_s": 0.10731196403503418,
      "samples_or_generations": 20,
      "throughput": 186.3725091590961,
      "population_mean_energy": 48.0,
      "population_min_energy": 10,
      "population_max_energy": 206,
      "initial_population_energies": [
        86,
        46,
        46,
        106,
        42,
        82,
        206,
        102,
        90,
        142,
        38,
        102,
        46,
        82,
        38,
        78,
        50,
        66,
        38,
        62,
        74,
        34,
        50,
        66,
        34,
        38,
        82,
        54,
        46,
        66
      ],
      "final_population_energies": [
        86,
        46,
        14,
        14,
        42,
        14,
        206,
        102,
        90,
        10,
        26,
        102,
        46,
        82,
        38,
        22,
        50,
        14,
        38,
        22,
        10,
        34,
        50,
        66,
        14,
        22,
        82,
        10,
        22,
        66
      ],
      "additional_metrics": null
    },
    {
      "method_name": "QE-MTS (Image H)",
      "best_energy": 10,
      "best_merit": 7.2,
      "best_sequence": "010110011111",
      "total_time_s": 0.5345044136047363,
      "samples_or_generations": 20,
      "throughput": 37.41783882591082,
      "population_mean_energy": 39.6,
      "population_min_energy": 10,
      "population_max_energy": 150,
      "initial_population_energies": [
        54,
        122,
        122,
        122,
        54,
        50,
        50,
        50,
        34,
        122,
        46,
        82,
        150,
        38,
        98,
        42,
        114,
        26,
        126,
        34,
        82,
        78,
        34,
        30,
        70,
        34,
        62,
        30,
        78,
        58
      ],
      "final_population_energies": [
        54,
        14,
        122,
        14,
        54,
        22,
        14,
        50,
        14,
        14,
        18,
        82,
        150,
        14,
        22,
        42,
        14,
        26,
        18,
        34,
        22,
        78,
        22,
        30,
        70,
        14,
        10,
        14,
        78,
        58
      ],
      "additional_metrics": {
        "quantum_sampling_time_s": 0.508317232131958,
        "mts_time_s": 0.02618575096130371,
        "quantum_initial_mean_energy": 63.2,
        "quantum_initial_min_energy": 22,
        "n_unique_quantum_states": 88,
        "circuit_execution_time_s": 0.15610957145690918
      }
    },
    {
      "method_name": "QE-MTS (LABS H)",
      "best_energy": 10,
      "best_merit": 7.2,
      "best_sequence": "101000001100",
      "total_time_s": 0.229966402053833,
      "samples_or_generations": 20,
      "throughput": 86.96922603206265,
      "population_mean_energy": 43.46666666666667,
      "population_min_energy": 10,
      "population_max_energy": 150,
      "initial_population_energies": [
        54,
        38,
        38,
        46,
        58,
        42,
        82,
        90,
        62,
        134,
        46,
        50,
        26,
        150,
        38,
        38,
        82,
        42,
        54,
        62,
        46,
        50,
        74,
        50,
        30,
        90,
        106,
        82,
        34,
        46
      ],
      "final_population_energies": [
        54,
        38,
        38,
        14,
        58,
        42,
        22,
        90,
        22,
        14,
        22,
        18,
        14,
        150,
        38,
        38,
        82,
        14,
        10,
        18,
        46,
        22,
        22,
        50,
        30,
        90,
        106,
        82,
        14,
        46
      ],
      "additional_metrics": {
        "quantum_sampling_time_s": 0.2039039134979248,
        "mts_time_s": 0.026061058044433594,
        "quantum_initial_mean_energy": 63.24,
        "quantum_initial_min_energy": 18,
        "n_unique_quantum_states": 99,
        "circuit_execution_time_s": 0.1957836151123047
      }
    }
  ]
}