{
  "config": {
    "N": 20,
    "population_size": 30,
    "max_generations": 20,
    "n_shots": 100,
    "trotter_steps": 3,
    "total_time": 2.0,
    "p_combine": 0.9,
    "seed": 42,
    "timestamp": "20260201_093340",
    "gpu_available": true
  },
  "results": [
    {
      "method_name": "Random Search",
      "best_energy": 54,
      "best_merit": 3.7037037037037037,
      "best_sequence": "11000110010010111111",
      "total_time_s": 0.009356260299682617,
      "samples_or_generations": 100,
      "throughput": 10688.03098641796,
      "population_mean_energy": 179.28,
      "population_min_energy": 54,
      "population_max_energy": 1030,
      "initial_population_energies": [
        170,
        130,
        98,
        74,
        254,
        182,
        106,
        134,
        186,
        110,
        114,
        126,
        194,
        194,
        102,
        142,
        214,
        178,
        122,
        230,
        154,
        150,
        90,
        1030,
        266,
        290,
        198,
        294,
        74,
        94,
        170,
        222,
        114,
        110,
        126,
        118,
        98,
        158,
        170,
        54,
        126,
        242,
        102,
        234,
        122,
        214,
        74,
        222,
        102,
        430,
        254,
        210,
        206,
        186,
        86,
        126,
        190,
        194,
        266,
        114,
        178,
        390,
        70,
        82,
        306,
        134,
        130,
        202,
        150,
        170,
        206,
        114,
        186,
        106,
        234,
        210,
        138,
        206,
        110,
        122,
        530,
        146,
        234,
        166,
        202,
        250,
        134,
        222,
        94,
        126,
        142,
        110,
        230,
        190,
        198,
        202,
        158,
        146,
        106,
        158
      ],
      "final_population_energies": [
        170,
        130,
        98,
        74,
        254,
        182,
        106,
        134,
        186,
        110,
        114,
        126,
        194,
        194,
        102,
        142,
        214,
        178,
        122,
        230,
        154,
        150,
        90,
        1030,
        266,
        290,
        198,
        294,
        74,
        94,
        170,
        222,
        114,
        110,
        126,
        118,
        98,
        158,
        170,
        54,
        126,
        242,
        102,
        234,
        122,
        214,
        74,
        222,
        102,
        430,
        254,
        210,
        206,
        186,
        86,
        126,
        190,
        194,
        266,
        114,
        178,
        390,
        70,
        82,
        306,
        134,
        130,
        202,
        150,
        170,
        206,
        114,
        186,
        106,
        234,
        210,
        138,
        206,
        110,
        122,
        530,
        146,
        234,
        166,
        202,
        250,
        134,
        222,
        94,
        126,
        142,
        110,
        230,
        190,
        198,
        202,
        158,
        146,
        106,
        158
      ],
      "additional_metrics": null
    },
    {
      "method_name": "Classical MTS",
      "best_energy": 34,
      "best_merit": 5.882352941176471,
      "best_sequence": "11110111100100111010",
      "total_time_s": 0.12316322326660156,
      "samples_or_generations": 20,
      "throughput": 162.38613662056898,
      "population_mean_energy": 98.53333333333333,
      "population_min_energy": 38,
      "population_max_energy": 294,
      "initial_population_energies": [
        170,
        130,
        98,
        74,
        254,
        182,
        106,
        134,
        186,
        110,
        114,
        126,
        194,
        194,
        102,
        142,
        214,
        178,
        122,
        230,
        154,
        150,
        90,
        1030,
        266,
        290,
        198,
        294,
        74,
        94
      ],
      "final_population_energies": [
        46,
        130,
        98,
        50,
        46,
        54,
        50,
        134,
        54,
        110,
        114,
        126,
        194,
        46,
        50,
        42,
        214,
        178,
        122,
        50,
        46,
        150,
        90,
        38,
        58,
        54,
        198,
        294,
        74,
        46
      ],
      "additional_metrics": null
    },
    {
      "method_name": "QE-MTS (Image H)",
      "best_energy": 34,
      "best_merit": 5.882352941176471,
      "best_sequence": "10011001111000001010",
      "total_time_s": 4.988336801528931,
      "samples_or_generations": 20,
      "throughput": 4.009352374496842,
      "population_mean_energy": 111.86666666666666,
      "population_min_energy": 34,
      "population_max_energy": 298,
      "initial_population_energies": [
        218,
        178,
        266,
        110,
        114,
        214,
        334,
        206,
        182,
        170,
        286,
        274,
        254,
        146,
        306,
        126,
        210,
        66,
        218,
        122,
        298,
        238,
        238,
        230,
        158,
        154,
        110,
        174,
        170,
        202
      ],
      "final_population_energies": [
        218,
        34,
        34,
        50,
        46,
        50,
        46,
        50,
        182,
        58,
        54,
        274,
        254,
        146,
        42,
        126,
        54,
        54,
        218,
        50,
        298,
        50,
        238,
        34,
        158,
        154,
        110,
        174,
        50,
        50
      ],
      "additional_metrics": {
        "quantum_sampling_time_s": 4.946298360824585,
        "mts_time_s": 0.042037010192871094,
        "quantum_initial_mean_energy": 200.2,
        "quantum_initial_min_energy": 62,
        "n_unique_quantum_states": 100,
        "circuit_execution_time_s": 1.0400135517120361
      }
    },
    {
      "method_name": "QE-MTS (LABS H)",
      "best_energy": 26,
      "best_merit": 7.6923076923076925,
      "best_sequence": "00110110000100001010",
      "total_time_s": 1.0307981967926025,
      "samples_or_generations": 20,
      "throughput": 19.40243983956446,
      "population_mean_energy": 113.06666666666666,
      "population_min_energy": 26,
      "population_max_energy": 366,
      "initial_population_energies": [
        118,
        130,
        210,
        218,
        150,
        214,
        126,
        78,
        158,
        210,
        170,
        126,
        90,
        210,
        258,
        226,
        202,
        174,
        218,
        254,
        366,
        250,
        254,
        214,
        274,
        154,
        94,
        86,
        190,
        270
      ],
      "final_population_energies": [
        118,
        130,
        210,
        34,
        42,
        42,
        126,
        78,
        158,
        210,
        50,
        34,
        42,
        46,
        258,
        26,
        202,
        54,
        54,
        46,
        366,
        42,
        254,
        214,
        46,
        46,
        94,
        50,
        50,
        270
      ],
      "additional_metrics": {
        "quantum_sampling_time_s": 0.9911158084869385,
        "mts_time_s": 0.03968095779418945,
        "quantum_initial_mean_energy": 183.2,
        "quantum_initial_min_energy": 62,
        "n_unique_quantum_states": 100,
        "circuit_execution_time_s": 0.9728095531463623
      }
    }
  ]
}