{
  "config": {
    "N": 20,
    "population_size": 30,
    "max_generations": 20,
    "n_shots": 100,
    "trotter_steps": 3,
    "total_time": 2.0,
    "p_combine": 0.9,
    "seed": 42,
    "timestamp": "20260201_084715",
    "gpu_available": true
  },
  "results": [
    {
      "method_name": "Random Search",
      "best_energy": 54,
      "best_merit": 3.7037037037037037,
      "best_sequence": "11000110010010111111",
      "total_time_s": 0.009238481521606445,
      "samples_or_generations": 100,
      "throughput": 10824.289659087977,
      "population_mean_energy": 179.28,
      "population_min_energy": 54,
      "population_max_energy": 1030,
      "initial_population_energies": [
        170,
        130,
        98,
        74,
        254,
        182,
        106,
        134,
        186,
        110,
        114,
        126,
        194,
        194,
        102,
        142,
        214,
        178,
        122,
        230,
        154,
        150,
        90,
        1030,
        266,
        290,
        198,
        294,
        74,
        94,
        170,
        222,
        114,
        110,
        126,
        118,
        98,
        158,
        170,
        54,
        126,
        242,
        102,
        234,
        122,
        214,
        74,
        222,
        102,
        430,
        254,
        210,
        206,
        186,
        86,
        126,
        190,
        194,
        266,
        114,
        178,
        390,
        70,
        82,
        306,
        134,
        130,
        202,
        150,
        170,
        206,
        114,
        186,
        106,
        234,
        210,
        138,
        206,
        110,
        122,
        530,
        146,
        234,
        166,
        202,
        250,
        134,
        222,
        94,
        126,
        142,
        110,
        230,
        190,
        198,
        202,
        158,
        146,
        106,
        158
      ],
      "final_population_energies": [
        170,
        130,
        98,
        74,
        254,
        182,
        106,
        134,
        186,
        110,
        114,
        126,
        194,
        194,
        102,
        142,
        214,
        178,
        122,
        230,
        154,
        150,
        90,
        1030,
        266,
        290,
        198,
        294,
        74,
        94,
        170,
        222,
        114,
        110,
        126,
        118,
        98,
        158,
        170,
        54,
        126,
        242,
        102,
        234,
        122,
        214,
        74,
        222,
        102,
        430,
        254,
        210,
        206,
        186,
        86,
        126,
        190,
        194,
        266,
        114,
        178,
        390,
        70,
        82,
        306,
        134,
        130,
        202,
        150,
        170,
        206,
        114,
        186,
        106,
        234,
        210,
        138,
        206,
        110,
        122,
        530,
        146,
        234,
        166,
        202,
        250,
        134,
        222,
        94,
        126,
        142,
        110,
        230,
        190,
        198,
        202,
        158,
        146,
        106,
        158
      ],
      "additional_metrics": null
    },
    {
      "method_name": "Classical MTS",
      "best_energy": 34,
      "best_merit": 5.882352941176471,
      "best_sequence": "11111010110100110011",
      "total_time_s": 0.12173938751220703,
      "samples_or_generations": 20,
      "throughput": 164.28536736308587,
      "population_mean_energy": 135.46666666666667,
      "population_min_energy": 34,
      "population_max_energy": 1030,
      "initial_population_energies": [
        170,
        130,
        98,
        74,
        254,
        182,
        106,
        134,
        186,
        110,
        114,
        126,
        194,
        194,
        102,
        142,
        214,
        178,
        122,
        230,
        154,
        150,
        90,
        1030,
        266,
        290,
        198,
        294,
        74,
        94
      ],
      "final_population_energies": [
        54,
        50,
        50,
        42,
        254,
        182,
        38,
        134,
        186,
        38,
        34,
        34,
        46,
        194,
        50,
        42,
        50,
        178,
        122,
        50,
        54,
        150,
        42,
        1030,
        266,
        34,
        198,
        294,
        74,
        94
      ],
      "additional_metrics": null
    },
    {
      "method_name": "QE-MTS (Image H)",
      "best_energy": 34,
      "best_merit": 5.882352941176471,
      "best_sequence": "00011111011101101011",
      "total_time_s": 0.9281754493713379,
      "samples_or_generations": 20,
      "throughput": 21.547650299893398,
      "population_mean_energy": 125.6,
      "population_min_energy": 34,
      "population_max_energy": 598,
      "initial_population_energies": [
        162,
        162,
        398,
        118,
        78,
        142,
        162,
        410,
        94,
        470,
        206,
        158,
        154,
        90,
        150,
        134,
        98,
        102,
        234,
        190,
        258,
        134,
        162,
        598,
        246,
        258,
        142,
        230,
        170,
        218
      ],
      "final_population_energies": [
        162,
        162,
        54,
        34,
        78,
        142,
        58,
        50,
        94,
        46,
        206,
        34,
        50,
        50,
        150,
        50,
        42,
        46,
        234,
        190,
        258,
        46,
        42,
        598,
        50,
        258,
        142,
        54,
        170,
        218
      ],
      "additional_metrics": {
        "quantum_sampling_time_s": 0.8873987197875977,
        "mts_time_s": 0.04077482223510742,
        "quantum_initial_mean_energy": 188.88,
        "quantum_initial_min_energy": 58,
        "n_unique_quantum_states": 100,
        "circuit_execution_time_s": 0.8743414878845215
      }
    },
    {
      "method_name": "QE-MTS (LABS H)",
      "best_energy": 26,
      "best_merit": 7.6923076923076925,
      "best_sequence": "00110110000100001010",
      "total_time_s": 0.8128409385681152,
      "samples_or_generations": 20,
      "throughput": 24.605059921356336,
      "population_mean_energy": 147.86666666666667,
      "population_min_energy": 26,
      "population_max_energy": 430,
      "initial_population_energies": [
        122,
        90,
        118,
        106,
        134,
        278,
        114,
        226,
        314,
        174,
        322,
        146,
        430,
        282,
        182,
        298,
        218,
        414,
        286,
        210,
        306,
        274,
        158,
        138,
        246,
        206,
        86,
        162,
        218,
        194
      ],
      "final_population_energies": [
        46,
        90,
        50,
        38,
        134,
        278,
        114,
        54,
        314,
        174,
        322,
        146,
        430,
        26,
        182,
        58,
        218,
        414,
        286,
        210,
        50,
        46,
        42,
        138,
        38,
        54,
        50,
        162,
        218,
        54
      ],
      "additional_metrics": {
        "quantum_sampling_time_s": 0.7736947536468506,
        "mts_time_s": 0.03914475440979004,
        "quantum_initial_mean_energy": 185.92,
        "quantum_initial_min_energy": 58,
        "n_unique_quantum_states": 100,
        "circuit_execution_time_s": 0.7553975582122803
      }
    }
  ]
}